'gnfuv-temp-exp1-55d487b85b-5ztk8', 32.0, 35.0, 1.0, 1522085312.500382
'gnfuv-temp-exp1-55d487b85b-5ztk8', 32.0, 35.0, 1.0, 1522085320.488689
'gnfuv-temp-exp1-55d487b85b-5ztk8', 32.0, 35.0, 1.0, 1522085328.296972
'gnfuv-temp-exp1-55d487b85b-5ztk8', 33.0, 35.0, 1.0, 1522085339.191347
'gnfuv-temp-exp1-55d487b85b-5ztk8', 33.0, 35.0, 1.0, 1522085347.396396
'gnfuv-temp-exp1-55d487b85b-5ztk8', 33.0, 35.0, 1.0, 1522085352.183712
'gnfuv-temp-exp1-55d487b85b-5ztk8', 33.0, 35.0, 1.0, 1522085357.579639
'gnfuv-temp-exp1-55d487b85b-5ztk8', 33.0, 35.0, 1.0, 1522085362.868024
'gnfuv-temp-exp1-55d487b85b-5ztk8', 34.0, 35.0, 1.0, 1522085376.661034
'gnfuv-temp-exp1-55d487b85b-5ztk8', 34.0, 35.0, 1.0, 1522085384.096783
'gnfuv-temp-exp1-55d487b85b-5ztk8', 34.0, 35.0, 1.0, 1522085390.320206
'gnfuv-temp-exp1-55d487b85b-5ztk8', 34.0, 35.0, 1.0, 1522085396.718404
'gnfuv-temp-exp1-55d487b85b-5ztk8', 34.0, 35.0, 1.0, 1522085401.462252
'gnfuv-temp-exp1-55d487b85b-5ztk8', 34.0, 35.0, 1.0, 1522085406.238981
'gnfuv-temp-exp1-55d487b85b-5ztk8', 34.0, 35.0, 1.0, 1522085411.88055
'gnfuv-temp-exp1-55d487b85b-5ztk8', 34.0, 35.0, 1.0, 1522085422.002695
'gnfuv-temp-exp1-55d487b85b-5ztk8', 26.0, 34.0, 1.0, 1522085508.759883
'gnfuv-temp-exp1-55d487b85b-5ztk8', 34.0, 32.0, 1.0, 1522085515.458334
'gnfuv-temp-exp1-55d487b85b-5ztk8', 34.0, 32.0, 1.0, 1522085520.261245
'gnfuv-temp-exp1-55d487b85b-5ztk8', 34.0, 32.0, 1.0, 1522085524.97207
'gnfuv-temp-exp1-55d487b85b-5ztk8', 34.0, 32.0, 1.0, 1522085533.280049
'gnfuv-temp-exp1-55d487b85b-5ztk8', 35.0, 32.0, 1.0, 1522085539.181457
'gnfuv-temp-exp1-55d487b85b-5ztk8', 35.0, 33.0, 1.0, 1522085544.216878
'gnfuv-temp-exp1-55d487b85b-5ztk8', 36.0, 33.0, 1.0, 1522085551.754931
'gnfuv-temp-exp1-55d487b85b-5ztk8', 36.0, 33.0, 1.0, 1522085556.455591
'gnfuv-temp-exp1-55d487b85b-5ztk8', 36.0, 33.0, 1.0, 1522085561.164376
'gnfuv-temp-exp1-55d487b85b-5ztk8', 36.0, 33.0, 1.0, 1522085568.438158
'gnfuv-temp-exp1-55d487b85b-5ztk8', 36.0, 33.0, 1.0, 1522085573.291187
'gnfuv-temp-exp1-55d487b85b-5ztk8', 36.0, 33.0, 1.0, 1522085578.150305
'gnfuv-temp-exp1-55d487b85b-5ztk8', 36.0, 33.0, 1.0, 1522085582.914285
'gnfuv-temp-exp1-55d487b85b-5ztk8', 36.0, 33.0, 1.0, 1522085587.955452
'gnfuv-temp-exp1-55d487b85b-5ztk8', 36.0, 34.0, 1.0, 1522085593.037855
'gnfuv-temp-exp1-55d487b85b-5ztk8', 36.0, 34.0, 1.0, 1522085597.776008
'gnfuv-temp-exp1-55d487b85b-5ztk8', 36.0, 34.0, 1.0, 1522085602.515933
'gnfuv-temp-exp1-55d487b85b-5ztk8', 36.0, 34.0, 1.0, 1522085607.279252
'gnfuv-temp-exp1-55d487b85b-5ztk8', 36.0, 34.0, 1.0, 1522085612.330964
'gnfuv-temp-exp1-55d487b85b-5ztk8', 36.0, 34.0, 1.0, 1522085625.4793
'gnfuv-temp-exp1-55d487b85b-5ztk8', 36.0, 34.0, 1.0, 1522085630.471784
'gnfuv-temp-exp1-55d487b85b-5ztk8', 36.0, 34.0, 1.0, 1522085637.853218
'gnfuv-temp-exp1-55d487b85b-5ztk8', 36.0, 34.0, 1.0, 1522085643.338869
'gnfuv-temp-exp1-55d487b85b-5ztk8', 36.0, 34.0, 1.0, 1522085648.070194
'gnfuv-temp-exp1-55d487b85b-5ztk8', 36.0, 34.0, 1.0, 1522085657.965841
'gnfuv-temp-exp1-55d487b85b-5ztk8', 36.0, 34.0, 1.0, 1522085663.066615
'gnfuv-temp-exp1-55d487b85b-5ztk8', 36.0, 34.0, 1.0, 1522085668.391028
'gnfuv-temp-exp1-55d487b85b-5ztk8', 36.0, 34.0, 1.0, 1522085673.156622
'gnfuv-temp-exp1-55d487b85b-5ztk8', 36.0, 34.0, 1.0, 1522085677.891156
'gnfuv-temp-exp1-55d487b85b-5ztk8', 36.0, 35.0, 1.0, 1522085682.68403
'gnfuv-temp-exp1-55d487b85b-5ztk8', 36.0, 35.0, 1.0, 1522085692.468597
'gnfuv-temp-exp1-55d487b85b-5ztk8', 36.0, 35.0, 1.0, 1522085697.21676
'gnfuv-temp-exp1-55d487b85b-5ztk8', 36.0, 35.0, 1.0, 1522085730.799481
'gnfuv-temp-exp1-55d487b85b-5ztk8', 36.0, 35.0, 1.0, 1522085764.381383
'gnfuv-temp-exp1-55d487b85b-5ztk8', 36.0, 35.0, 1.0, 1522085797.965306
'gnfuv-temp-exp1-55d487b85b-5ztk8', 37.0, 36.0, 1.0, 1522085831.547306
'gnfuv-temp-exp1-55d487b85b-5ztk8', 37.0, 36.0, 1.0, 1522085865.122075
'gnfuv-temp-exp1-55d487b85b-5ztk8', 37.0, 37.0, 1.0, 1522085901.224852
'gnfuv-temp-exp1-55d487b85b-5ztk8', 37.0, 37.0, 1.0, 1522085934.797948
'gnfuv-temp-exp1-55d487b85b-5ztk8', 37.0, 37.0, 1.0, 1522085968.384225
'gnfuv-temp-exp1-55d487b85b-5ztk8', 36.0, 37.0, 1.0, 1522086001.957679
'gnfuv-temp-exp1-55d487b85b-5ztk8', 20.0, 35.0, 1.0, 1522086035.532856
'gnfuv-temp-exp1-55d487b85b-5ztk8', 26.0, 30.0, 1.0, 1522086069.117119
'gnfuv-temp-exp1-55d487b85b-5ztk8', 30.0, 29.0, 1.0, 1522086102.697904
'gnfuv-temp-exp1-55d487b85b-5ztk8', 32.0, 26.0, 1.0, 1522086136.271829
'gnfuv-temp-exp1-55d487b85b-5ztk8', 37.0, 25.0, 1.0, 1522086169.847914
'gnfuv-temp-exp1-55d487b85b-5ztk8', 39.0, 24.0, 1.0, 1522086203.423333
'gnfuv-temp-exp1-55d487b85b-5ztk8', 41.0, 23.0, 1.0, 1522086237.004518
'gnfuv-temp-exp1-55d487b85b-5ztk8', 41.0, 24.0, 1.0, 1522086256.094067
'gnfuv-temp-exp1-55d487b85b-5ztk8', 41.0, 24.0, 1.0, 1522086263.37626
'gnfuv-temp-exp1-55d487b85b-5ztk8', 41.0, 23.0, 1.0, 1522086270.624552
'gnfuv-temp-exp1-55d487b85b-5ztk8', 41.0, 24.0, 1.0, 1522086277.884473
'gnfuv-temp-exp1-55d487b85b-5ztk8', 41.0, 23.0, 1.0, 1522086282.783622
'gnfuv-temp-exp1-55d487b85b-5ztk8', 41.0, 23.0, 1.0, 1522086287.479341
'gnfuv-temp-exp1-55d487b85b-5ztk8', 41.0, 23.0, 1.0, 1522086294.709431
'gnfuv-temp-exp1-55d487b85b-5ztk8', 42.0, 23.0, 1.0, 1522086304.462238
'gnfuv-temp-exp1-55d487b85b-5ztk8', 42.0, 23.0, 1.0, 1522086309.177186
'gnfuv-temp-exp1-55d487b85b-5ztk8', 43.0, 23.0, 1.0, 1522086313.876487
'gnfuv-temp-exp1-55d487b85b-5ztk8', 43.0, 23.0, 1.0, 1522086318.616692
'gnfuv-temp-exp1-55d487b85b-5ztk8', 43.0, 23.0, 1.0, 1522086323.319531
'gnfuv-temp-exp1-55d487b85b-5ztk8', 43.0, 23.0, 1.0, 1522086328.040799
'gnfuv-temp-exp1-55d487b85b-5ztk8', 44.0, 23.0, 1.0, 1522086332.757055
'gnfuv-temp-exp1-55d487b85b-5ztk8', 44.0, 24.0, 1.0, 1522086342.532404
'gnfuv-temp-exp1-55d487b85b-5ztk8', 44.0, 24.0, 1.0, 1522086347.756898
'gnfuv-temp-exp1-55d487b85b-5ztk8', 43.0, 24.0, 1.0, 1522086352.457459
'gnfuv-temp-exp1-55d487b85b-5ztk8', 41.0, 24.0, 1.0, 1522086362.343649
'gnfuv-temp-exp1-55d487b85b-5ztk8', 41.0, 24.0, 1.0, 1522086367.066654
'gnfuv-temp-exp1-55d487b85b-5ztk8', 41.0, 24.0, 1.0, 1522086376.863098
'gnfuv-temp-exp1-55d487b85b-5ztk8', 41.0, 24.0, 1.0, 1522086386.637019
'gnfuv-temp-exp1-55d487b85b-5ztk8', 40.0, 24.0, 1.0, 1522086393.911013
'gnfuv-temp-exp1-55d487b85b-5ztk8', 41.0, 24.0, 1.0, 1522086398.662245
'gnfuv-temp-exp1-55d487b85b-5ztk8', 40.0, 24.0, 1.0, 1522086405.925478
'gnfuv-temp-exp1-55d487b85b-5ztk8', 40.0, 24.0, 1.0, 1522086411.95177
'gnfuv-temp-exp1-55d487b85b-5ztk8', 40.0, 24.0, 1.0, 1522086416.716954
'gnfuv-temp-exp1-55d487b85b-5ztk8', 40.0, 24.0, 1.0, 1522086421.426279
'gnfuv-temp-exp1-55d487b85b-5ztk8', 40.0, 24.0, 1.0, 1522086426.304566
'gnfuv-temp-exp1-55d487b85b-5ztk8', 40.0, 24.0, 1.0, 1522086431.330747
'gnfuv-temp-exp1-55d487b85b-5ztk8', 40.0, 24.0, 1.0, 1522086436.076061
'gnfuv-temp-exp1-55d487b85b-5ztk8', 40.0, 24.0, 1.0, 1522086443.304272
'gnfuv-temp-exp1-55d487b85b-5ztk8', 39.0, 25.0, 1.0, 1522086448.132438
'gnfuv-temp-exp1-55d487b85b-5ztk8', 39.0, 25.0, 1.0, 1522086453.133678
'gnfuv-temp-exp1-55d487b85b-5ztk8', 39.0, 25.0, 1.0, 1522086457.984787
'gnfuv-temp-exp1-55d487b85b-5ztk8', 39.0, 25.0, 1.0, 1522086462.700187
'gnfuv-temp-exp1-55d487b85b-5ztk8', 39.0, 25.0, 1.0, 1522086468.308167
'gnfuv-temp-exp1-55d487b85b-5ztk8', 38.0, 25.0, 1.0, 1522086478.096769
'gnfuv-temp-exp1-55d487b85b-5ztk8', 38.0, 25.0, 1.0, 1522086485.674887
'gnfuv-temp-exp1-55d487b85b-5ztk8', 38.0, 25.0, 1.0, 1522086492.944371
'gnfuv-temp-exp1-55d487b85b-5ztk8', 38.0, 25.0, 1.0, 1522086497.668988
'gnfuv-temp-exp1-55d487b85b-5ztk8', 38.0, 25.0, 1.0, 1522086507.454201
'gnfuv-temp-exp1-55d487b85b-5ztk8', 39.0, 26.0, 1.0, 1522086514.731809
'gnfuv-temp-exp1-55d487b85b-5ztk8', 38.0, 26.0, 1.0, 1522086519.446929
'gnfuv-temp-exp1-55d487b85b-5ztk8', 38.0, 26.0, 1.0, 1522086524.201528
'gnfuv-temp-exp1-55d487b85b-5ztk8', 38.0, 26.0, 1.0, 1522086528.935861
'gnfuv-temp-exp1-55d487b85b-5ztk8', 37.0, 26.0, 1.0, 1522086538.699189
'gnfuv-temp-exp1-55d487b85b-5ztk8', 36.0, 26.0, 1.0, 1522086545.93335
'gnfuv-temp-exp1-55d487b85b-5ztk8', 36.0, 26.0, 1.0, 1522086550.686903
'gnfuv-temp-exp1-55d487b85b-5ztk8', 36.0, 26.0, 1.0, 1522086555.432078
'gnfuv-temp-exp1-55d487b85b-5ztk8', 36.0, 26.0, 1.0, 1522086560.179377
'gnfuv-temp-exp1-55d487b85b-5ztk8', 36.0, 26.0, 1.0, 1522086565.093721
'gnfuv-temp-exp1-55d487b85b-5ztk8', 35.0, 26.0, 1.0, 1522086572.456006
'gnfuv-temp-exp1-55d487b85b-5ztk8', 35.0, 26.0, 1.0, 1522086577.198877
'gnfuv-temp-exp1-55d487b85b-5ztk8', 35.0, 26.0, 1.0, 1522086581.913732
'gnfuv-temp-exp1-55d487b85b-5ztk8', 35.0, 26.0, 1.0, 1522086586.626431
'gnfuv-temp-exp1-55d487b85b-5ztk8', 34.0, 26.0, 1.0, 1522086596.698785
'gnfuv-temp-exp1-55d487b85b-5ztk8', 34.0, 26.0, 1.0, 1522086601.415601
'gnfuv-temp-exp1-55d487b85b-5ztk8', 35.0, 26.0, 1.0, 1522086606.138933
'gnfuv-temp-exp1-55d487b85b-5ztk8', 34.0, 26.0, 1.0, 1522086610.877501
'gnfuv-temp-exp1-55d487b85b-5ztk8', 34.0, 26.0, 1.0, 1522086618.143947
'gnfuv-temp-exp1-55d487b85b-5ztk8', 34.0, 26.0, 1.0, 1522086622.852185
'gnfuv-temp-exp1-55d487b85b-5ztk8', 34.0, 26.0, 1.0, 1522086630.086867
'gnfuv-temp-exp1-55d487b85b-5ztk8', 34.0, 26.0, 1.0, 1522086635.974561
'gnfuv-temp-exp1-55d487b85b-5ztk8', 34.0, 27.0, 1.0, 1522086643.761197
'gnfuv-temp-exp1-55d487b85b-5ztk8', 33.0, 26.0, 1.0, 1522086651.553221
'gnfuv-temp-exp1-55d487b85b-5ztk8', 33.0, 26.0, 1.0, 1522086656.57207
'gnfuv-temp-exp1-55d487b85b-5ztk8', 34.0, 27.0, 1.0, 1522086661.605271
'gnfuv-temp-exp1-55d487b85b-5ztk8', 34.0, 26.0, 1.0, 1522086666.60443
'gnfuv-temp-exp1-55d487b85b-5ztk8', 33.0, 26.0, 1.0, 1522086673.871115
'gnfuv-temp-exp1-55d487b85b-5ztk8', 34.0, 26.0, 1.0, 1522086689.044046
'gnfuv-temp-exp1-55d487b85b-5ztk8', 34.0, 26.0, 1.0, 1522086696.354302
'gnfuv-temp-exp1-55d487b85b-5ztk8', 34.0, 26.0, 1.0, 1522086713.750116
'gnfuv-temp-exp1-55d487b85b-5ztk8', 34.0, 27.0, 1.0, 1522086721.53364
'gnfuv-temp-exp1-55d487b85b-5ztk8', 34.0, 27.0, 1.0, 1522086726.336471
'gnfuv-temp-exp1-55d487b85b-5ztk8', 34.0, 27.0, 1.0, 1522086731.085767
'gnfuv-temp-exp1-55d487b85b-5ztk8', 34.0, 27.0, 1.0, 1522086738.346932
'gnfuv-temp-exp1-55d487b85b-5ztk8', 33.0, 27.0, 1.0, 1522086745.678646
'gnfuv-temp-exp1-55d487b85b-5ztk8', 33.0, 27.0, 1.0, 1522086750.625252
'gnfuv-temp-exp1-55d487b85b-5ztk8', 33.0, 27.0, 1.0, 1522086755.368808
'gnfuv-temp-exp1-55d487b85b-5ztk8', 33.0, 27.0, 1.0, 1522086760.084158
'gnfuv-temp-exp1-55d487b85b-5ztk8', 33.0, 27.0, 1.0, 1522086764.832517
'gnfuv-temp-exp1-55d487b85b-5ztk8', 33.0, 27.0, 1.0, 1522086772.104099
'gnfuv-temp-exp1-55d487b85b-5ztk8', 33.0, 27.0, 1.0, 1522086776.886318
'gnfuv-temp-exp1-55d487b85b-5ztk8', 33.0, 27.0, 1.0, 1522086784.354291
'gnfuv-temp-exp1-55d487b85b-5ztk8', 33.0, 27.0, 1.0, 1522086789.414148
'gnfuv-temp-exp1-55d487b85b-5ztk8', 33.0, 27.0, 1.0, 1522086801.785671
'gnfuv-temp-exp1-55d487b85b-5ztk8', 33.0, 27.0, 1.0, 1522086809.014316
'gnfuv-temp-exp1-55d487b85b-5ztk8', 33.0, 27.0, 1.0, 1522086816.404236
'gnfuv-temp-exp1-55d487b85b-5ztk8', 32.0, 27.0, 1.0, 1522086823.665221
'gnfuv-temp-exp1-55d487b85b-5ztk8', 32.0, 27.0, 1.0, 1522086828.385203
'gnfuv-temp-exp1-55d487b85b-5ztk8', 33.0, 26.0, 1.0, 1522086834.059417
'gnfuv-temp-exp1-55d487b85b-5ztk8', 33.0, 27.0, 1.0, 1522086839.100032
'gnfuv-temp-exp1-55d487b85b-5ztk8', 33.0, 26.0, 1.0, 1522086844.434299
'gnfuv-temp-exp1-55d487b85b-5ztk8', 33.0, 27.0, 1.0, 1522086859.69548
'gnfuv-temp-exp1-55d487b85b-5ztk8', 33.0, 27.0, 1.0, 1522086865.211229
'gnfuv-temp-exp1-55d487b85b-5ztk8', 33.0, 26.0, 1.0, 1522086871.131777
'gnfuv-temp-exp1-55d487b85b-5ztk8', 33.0, 26.0, 1.0, 1522086876.503277
'gnfuv-temp-exp1-55d487b85b-5ztk8', 33.0, 27.0, 1.0, 1522086881.535446
'gnfuv-temp-exp1-55d487b85b-5ztk8', 34.0, 27.0, 1.0, 1522086886.313324
'gnfuv-temp-exp1-55d487b85b-5ztk8', 34.0, 27.0, 1.0, 1522086891.035489
'gnfuv-temp-exp1-55d487b85b-5ztk8', 34.0, 27.0, 1.0, 1522086898.375501
'gnfuv-temp-exp1-55d487b85b-5ztk8', 34.0, 27.0, 1.0, 1522086905.779475
'gnfuv-temp-exp1-55d487b85b-5ztk8', 34.0, 27.0, 1.0, 1522086913.032032
'gnfuv-temp-exp1-55d487b85b-5ztk8', 34.0, 27.0, 1.0, 1522086917.772779
'gnfuv-temp-exp1-55d487b85b-5ztk8', 33.0, 27.0, 1.0, 1522086922.994558
'gnfuv-temp-exp1-55d487b85b-5ztk8', 34.0, 27.0, 1.0, 1522086928.663842
'gnfuv-temp-exp1-55d487b85b-5ztk8', 34.0, 26.0, 1.0, 1522086934.530228
'gnfuv-temp-exp1-55d487b85b-5ztk8', 34.0, 27.0, 1.0, 1522086940.110558
'gnfuv-temp-exp1-55d487b85b-5ztk8', 34.0, 26.0, 1.0, 1522086945.746684
'gnfuv-temp-exp1-55d487b85b-5ztk8', 33.0, 26.0, 1.0, 1522086953.024975
'gnfuv-temp-exp1-55d487b85b-5ztk8', 34.0, 26.0, 1.0, 1522086957.778893
'gnfuv-temp-exp1-55d487b85b-5ztk8', 34.0, 26.0, 1.0, 1522086962.482376
'gnfuv-temp-exp1-55d487b85b-5ztk8', 33.0, 26.0, 1.0, 1522086972.269131
'gnfuv-temp-exp1-55d487b85b-5ztk8', 34.0, 26.0, 1.0, 1522086979.535088
'gnfuv-temp-exp1-55d487b85b-5ztk8', 34.0, 26.0, 1.0, 1522086984.29301
'gnfuv-temp-exp1-55d487b85b-5ztk8', 34.0, 26.0, 1.0, 1522086994.074
'gnfuv-temp-exp1-55d487b85b-5ztk8', 33.0, 25.0, 1.0, 1522086998.822572
'gnfuv-temp-exp1-55d487b85b-5ztk8', 33.0, 25.0, 1.0, 1522087003.762414
'gnfuv-temp-exp1-55d487b85b-5ztk8', 33.0, 25.0, 1.0, 1522087008.483268
'gnfuv-temp-exp1-55d487b85b-5ztk8', 34.0, 25.0, 1.0, 1522087013.224777
'gnfuv-temp-exp1-55d487b85b-5ztk8', 34.0, 25.0, 1.0, 1522087017.944857
'gnfuv-temp-exp1-55d487b85b-5ztk8', 34.0, 25.0, 1.0, 1522087022.698541
'gnfuv-temp-exp1-55d487b85b-5ztk8', 34.0, 25.0, 1.0, 1522087029.969763
'gnfuv-temp-exp1-55d487b85b-5ztk8', 34.0, 25.0, 1.0, 1522087042.264319
'gnfuv-temp-exp1-55d487b85b-5ztk8', 34.0, 25.0, 1.0, 1522087047.03447
'gnfuv-temp-exp1-55d487b85b-5ztk8', 35.0, 25.0, 1.0, 1522087051.754954
'gnfuv-temp-exp1-55d487b85b-5ztk8', 34.0, 25.0, 1.0, 1522087064.06655
'gnfuv-temp-exp1-55d487b85b-5ztk8', 34.0, 25.0, 1.0, 1522087068.815857
'gnfuv-temp-exp1-55d487b85b-5ztk8', 35.0, 25.0, 1.0, 1522087073.522141
'gnfuv-temp-exp1-55d487b85b-5ztk8', 35.0, 25.0, 1.0, 1522087078.28232
'gnfuv-temp-exp1-55d487b85b-5ztk8', 35.0, 25.0, 1.0, 1522087082.993599
'gnfuv-temp-exp1-55d487b85b-5ztk8', 34.0, 25.0, 1.0, 1522087092.751245
'gnfuv-temp-exp1-55d487b85b-5ztk8', 34.0, 25.0, 1.0, 1522087100.072766
'gnfuv-temp-exp1-55d487b85b-5ztk8', 35.0, 26.0, 1.0, 1522087134.808136
'gnfuv-temp-exp1-55d487b85b-5ztk8', 36.0, 26.0, 1.0, 1522087168.388057
'gnfuv-temp-exp1-55d487b85b-5ztk8', 35.0, 26.0, 1.0, 1522087201.96208
'gnfuv-temp-exp1-55d487b85b-5ztk8', 34.0, 26.0, 1.0, 1522087206.670603
'gnfuv-temp-exp1-55d487b85b-5ztk8', 34.0, 26.0, 1.0, 1522087211.399202
'gnfuv-temp-exp1-55d487b85b-5ztk8', 34.0, 26.0, 1.0, 1522087216.099018
'gnfuv-temp-exp1-55d487b85b-5ztk8', 34.0, 26.0, 1.0, 1522087223.334029
'gnfuv-temp-exp1-55d487b85b-5ztk8', 34.0, 26.0, 1.0, 1522087228.098922
'gnfuv-temp-exp1-55d487b85b-5ztk8', 33.0, 26.0, 1.0, 1522087235.41077
'gnfuv-temp-exp1-55d487b85b-5ztk8', 33.0, 26.0, 1.0, 1522087240.177564
'gnfuv-temp-exp1-55d487b85b-5ztk8', 33.0, 26.0, 1.0, 1522087246.335157
'gnfuv-temp-exp1-55d487b85b-5ztk8', 33.0, 26.0, 1.0, 1522087256.581321
'gnfuv-temp-exp1-55d487b85b-5ztk8', 33.0, 26.0, 1.0, 1522087261.351492
'gnfuv-temp-exp1-55d487b85b-5ztk8', 33.0, 26.0, 1.0, 1522087271.37045
'gnfuv-temp-exp1-55d487b85b-5ztk8', 33.0, 26.0, 1.0, 1522087276.291116
'gnfuv-temp-exp1-55d487b85b-5ztk8', 33.0, 26.0, 1.0, 1522087288.922054
'gnfuv-temp-exp1-55d487b85b-5ztk8', 33.0, 26.0, 1.0, 1522087293.859555
'gnfuv-temp-exp1-55d487b85b-5ztk8', 33.0, 26.0, 1.0, 1522087298.837765
'gnfuv-temp-exp1-55d487b85b-5ztk8', 33.0, 26.0, 1.0, 1522087304.151987
'gnfuv-temp-exp1-55d487b85b-5ztk8', 33.0, 26.0, 1.0, 1522087311.595172
'gnfuv-temp-exp1-55d487b85b-5ztk8', 33.0, 27.0, 1.0, 1522087317.220398
'gnfuv-temp-exp1-55d487b85b-5ztk8', 33.0, 27.0, 1.0, 1522087322.212509
'gnfuv-temp-exp1-55d487b85b-5ztk8', 33.0, 27.0, 1.0, 1522087326.912189
'gnfuv-temp-exp1-55d487b85b-5ztk8', 33.0, 27.0, 1.0, 1522087344.259579
'gnfuv-temp-exp1-55d487b85b-5ztk8', 33.0, 27.0, 1.0, 1522087349.618335
'gnfuv-temp-exp1-55d487b85b-5ztk8', 33.0, 27.0, 1.0, 1522087355.461208
'gnfuv-temp-exp1-55d487b85b-5ztk8', 33.0, 27.0, 1.0, 1522087363.365442
'gnfuv-temp-exp1-55d487b85b-5ztk8', 33.0, 27.0, 1.0, 1522087368.374541
'gnfuv-temp-exp1-55d487b85b-5ztk8', 33.0, 27.0, 1.0, 1522087374.03261
'gnfuv-temp-exp1-55d487b85b-5ztk8', 33.0, 27.0, 1.0, 1522087379.556383
'gnfuv-temp-exp1-55d487b85b-5ztk8', 33.0, 27.0, 1.0, 1522087385.008658
'gnfuv-temp-exp1-55d487b85b-5ztk8', 33.0, 26.0, 1.0, 1522087395.307686
'gnfuv-temp-exp1-55d487b85b-5ztk8', 33.0, 26.0, 1.0, 1522087431.408524
'gnfuv-temp-exp1-55d487b85b-5ztk8', 34.0, 26.0, 1.0, 1522087464.982035
'gnfuv-temp-exp1-55d487b85b-5ztk8', 35.0, 26.0, 1.0, 1522087498.556719
'gnfuv-temp-exp1-55d487b85b-5ztk8', 35.0, 26.0, 1.0, 1522087534.664988
'gnfuv-temp-exp1-55d487b85b-5ztk8', 35.0, 25.0, 1.0, 1522087568.238699
'gnfuv-temp-exp1-55d487b85b-5ztk8', 36.0, 26.0, 1.0, 1522087601.818026
'gnfuv-temp-exp1-55d487b85b-5ztk8', 35.0, 26.0, 1.0, 1522087635.393203
'gnfuv-temp-exp1-55d487b85b-5ztk8', 34.0, 26.0, 1.0, 1522087674.026293
'gnfuv-temp-exp1-55d487b85b-5ztk8', 34.0, 26.0, 1.0, 1522087707.609493
'gnfuv-temp-exp1-55d487b85b-5ztk8', 33.0, 26.0, 1.0, 1522087741.183761
'gnfuv-temp-exp1-55d487b85b-5ztk8', 33.0, 26.0, 1.0, 1522087774.764589
'gnfuv-temp-exp1-55d487b85b-5ztk8', 35.0, 26.0, 1.0, 1522087813.39724
'gnfuv-temp-exp1-55d487b85b-5ztk8', 34.0, 26.0, 1.0, 1522087852.033626
'gnfuv-temp-exp1-55d487b85b-5ztk8', 34.0, 26.0, 1.0, 1522087885.611329
'gnfuv-temp-exp1-55d487b85b-5ztk8', 34.0, 26.0, 1.0, 1522087919.187297
'gnfuv-temp-exp1-55d487b85b-5ztk8', 34.0, 26.0, 1.0, 1522087952.760792
'gnfuv-temp-exp1-55d487b85b-5ztk8', 33.0, 26.0, 1.0, 1522087986.335165
'gnfuv-temp-exp1-55d487b85b-5ztk8', 33.0, 26.0, 1.0, 1522088022.44335
'gnfuv-temp-exp1-55d487b85b-5ztk8', 33.0, 26.0, 1.0, 1522088061.080332
'gnfuv-temp-exp1-55d487b85b-5ztk8', 33.0, 26.0, 1.0, 1522088094.661544
'gnfuv-temp-exp1-55d487b85b-5ztk8', 33.0, 26.0, 1.0, 1522088128.234405
'gnfuv-temp-exp1-55d487b85b-5ztk8', 35.0, 25.0, 1.0, 1522088161.808253
'gnfuv-temp-exp1-55d487b85b-5ztk8', 37.0, 24.0, 1.0, 1522088195.396602
'gnfuv-temp-exp1-55d487b85b-5ztk8', 39.0, 24.0, 1.0, 1522088231.49438
'gnfuv-temp-exp1-55d487b85b-5ztk8', 39.0, 24.0, 1.0, 1522088265.075431
'gnfuv-temp-exp1-55d487b85b-5ztk8', 41.0, 23.0, 1.0, 1522088298.661582
'gnfuv-temp-exp1-55d487b85b-5ztk8', 41.0, 23.0, 1.0, 1522088332.241019
'gnfuv-temp-exp1-55d487b85b-5ztk8', 43.0, 22.0, 1.0, 1522088365.814632
'gnfuv-temp-exp1-55d487b85b-5ztk8', 44.0, 22.0, 1.0, 1522088399.395473
'gnfuv-temp-exp1-55d487b85b-5ztk8', 42.0, 23.0, 1.0, 1522088435.495737
'gnfuv-temp-exp1-55d487b85b-5ztk8', 42.0, 22.0, 1.0, 1522088471.595489
'gnfuv-temp-exp1-55d487b85b-5ztk8', 42.0, 22.0, 1.0, 1522088478.867292
'gnfuv-temp-exp1-55d487b85b-5ztk8', 42.0, 22.0, 1.0, 1522088486.125385
'gnfuv-temp-exp1-55d487b85b-5ztk8', 42.0, 22.0, 1.0, 1522088491.293181
'gnfuv-temp-exp1-55d487b85b-5ztk8', 42.0, 22.0, 1.0, 1522088496.405265
'gnfuv-temp-exp1-55d487b85b-5ztk8', 42.0, 22.0, 1.0, 1522088502.041829
'gnfuv-temp-exp1-55d487b85b-5ztk8', 42.0, 22.0, 1.0, 1522088518.197108
'gnfuv-temp-exp1-55d487b85b-5ztk8', 42.0, 22.0, 1.0, 1522088523.758441
'gnfuv-temp-exp1-55d487b85b-5ztk8', 42.0, 22.0, 1.0, 1522088529.397216
'gnfuv-temp-exp1-55d487b85b-5ztk8', 42.0, 22.0, 1.0, 1522088534.959204
'gnfuv-temp-exp1-55d487b85b-5ztk8', 42.0, 22.0, 1.0, 1522088540.799216
'gnfuv-temp-exp1-55d487b85b-5ztk8', 43.0, 22.0, 1.0, 1522088549.384243
'gnfuv-temp-exp1-55d487b85b-5ztk8', 43.0, 22.0, 1.0, 1522088558.415164
'gnfuv-temp-exp1-55d487b85b-5ztk8', 43.0, 22.0, 1.0, 1522088564.939762
'gnfuv-temp-exp1-55d487b85b-5ztk8', 43.0, 22.0, 1.0, 1522088570.504364
'gnfuv-temp-exp1-55d487b85b-5ztk8', 43.0, 22.0, 1.0, 1522088576.08441
'gnfuv-temp-exp1-55d487b85b-5ztk8', 43.0, 22.0, 1.0, 1522088581.79229
'gnfuv-temp-exp1-55d487b85b-5ztk8', 43.0, 22.0, 1.0, 1522088590.249128
'gnfuv-temp-exp1-55d487b85b-5ztk8', 43.0, 22.0, 1.0, 1522088595.860993
'gnfuv-temp-exp1-55d487b85b-5ztk8', 43.0, 22.0, 1.0, 1522088601.426109
'gnfuv-temp-exp1-55d487b85b-5ztk8', 43.0, 22.0, 1.0, 1522088607.972249
'gnfuv-temp-exp1-55d487b85b-5ztk8', 43.0, 22.0, 1.0, 1522088613.530951
'gnfuv-temp-exp1-55d487b85b-5ztk8', 43.0, 22.0, 1.0, 1522088619.094073
'gnfuv-temp-exp1-55d487b85b-5ztk8', 43.0, 22.0, 1.0, 1522088627.224077
'gnfuv-temp-exp1-55d487b85b-5ztk8', 43.0, 22.0, 1.0, 1522088633.923792
'gnfuv-temp-exp1-55d487b85b-5ztk8', 43.0, 22.0, 1.0, 1522088639.481777
'gnfuv-temp-exp1-55d487b85b-5ztk8', 43.0, 22.0, 1.0, 1522088645.259661
'gnfuv-temp-exp1-55d487b85b-5ztk8', 43.0, 23.0, 1.0, 1522088653.369016
'gnfuv-temp-exp1-55d487b85b-5ztk8', 43.0, 22.0, 1.0, 1522088689.470052
'gnfuv-temp-exp1-55d487b85b-5ztk8', 42.0, 22.0, 1.0, 1522088723.051652
'gnfuv-temp-exp1-55d487b85b-5ztk8', 42.0, 22.0, 1.0, 1522088764.224339
'gnfuv-temp-exp1-55d487b85b-5ztk8', 42.0, 22.0, 1.0, 1522088797.805451
'gnfuv-temp-exp1-55d487b85b-5ztk8', 42.0, 22.0, 1.0, 1522088831.396672
'gnfuv-temp-exp1-55d487b85b-5ztk8', 42.0, 22.0, 1.0, 1522088864.970426
'gnfuv-temp-exp1-55d487b85b-5ztk8', 43.0, 22.0, 1.0, 1522088898.541536
'gnfuv-temp-exp1-55d487b85b-5ztk8', 43.0, 23.0, 1.0, 1522088932.114356
'gnfuv-temp-exp1-55d487b85b-5ztk8', 42.0, 23.0, 1.0, 1522088965.687615
'gnfuv-temp-exp1-55d487b85b-5ztk8', 43.0, 22.0, 1.0, 1522089001.788367
'gnfuv-temp-exp1-55d487b85b-5ztk8', 43.0, 22.0, 1.0, 1522089023.460658
'gnfuv-temp-exp1-55d487b85b-5ztk8', 43.0, 22.0, 1.0, 1522089029.022157
'gnfuv-temp-exp1-55d487b85b-5ztk8', 43.0, 22.0, 1.0, 1522089037.224432
'gnfuv-temp-exp1-55d487b85b-5ztk8', 43.0, 22.0, 1.0, 1522089042.803608
'gnfuv-temp-exp1-55d487b85b-5ztk8', 43.0, 22.0, 1.0, 1522089048.88188
'gnfuv-temp-exp1-55d487b85b-5ztk8', 43.0, 22.0, 1.0, 1522089059.955607
'gnfuv-temp-exp1-55d487b85b-5ztk8', 'None', 'None', 1.0, 1522089102.905575
'gnfuv-temp-exp1-55d487b85b-5ztk8', 41.0, 23.0, 1.0, 1522089111.460031
'gnfuv-temp-exp1-55d487b85b-5ztk8', 41.0, 23.0, 1.0, 1522089117.952596
'gnfuv-temp-exp1-55d487b85b-5ztk8', 41.0, 23.0, 1.0, 1522089124.152751
'gnfuv-temp-exp1-55d487b85b-5ztk8', 40.0, 23.0, 1.0, 1522089129.732632
'gnfuv-temp-exp1-55d487b85b-5ztk8', 41.0, 23.0, 1.0, 1522089136.263863
'gnfuv-temp-exp1-55d487b85b-5ztk8', 41.0, 23.0, 1.0, 1522089142.299399
'gnfuv-temp-exp1-55d487b85b-5ztk8', 41.0, 23.0, 1.0, 1522089147.869611
'gnfuv-temp-exp1-55d487b85b-5ztk8', 41.0, 23.0, 1.0, 1522089153.498404
'gnfuv-temp-exp1-55d487b85b-5ztk8', 41.0, 23.0, 1.0, 1522089166.638874
'gnfuv-temp-exp1-55d487b85b-5ztk8', 41.0, 23.0, 1.0, 1522089172.197078
'gnfuv-temp-exp1-55d487b85b-5ztk8', 40.0, 23.0, 1.0, 1522089177.995387
'gnfuv-temp-exp1-55d487b85b-5ztk8', 40.0, 23.0, 1.0, 1522089184.076542
'gnfuv-temp-exp1-55d487b85b-5ztk8', 40.0, 23.0, 1.0, 1522089195.181801
'gnfuv-temp-exp1-55d487b85b-5ztk8', 40.0, 23.0, 1.0, 1522089203.270024
'gnfuv-temp-exp1-55d487b85b-5ztk8', 41.0, 23.0, 1.0, 1522089216.772149
'gnfuv-temp-exp1-55d487b85b-5ztk8', 42.0, 23.0, 1.0, 1522089225.070096
'gnfuv-temp-exp1-55d487b85b-5ztk8', 42.0, 23.0, 1.0, 1522089230.786154
'gnfuv-temp-exp1-55d487b85b-5ztk8', 'None', 'None', 1.0, 1522089274.195616
'gnfuv-temp-exp1-55d487b85b-5ztk8', 42.0, 23.0, 1.0, 1522089280.436032
'gnfuv-temp-exp1-55d487b85b-5ztk8', 42.0, 23.0, 1.0, 1522089286.621324
'gnfuv-temp-exp1-55d487b85b-5ztk8', 42.0, 23.0, 1.0, 1522089294.726324
'gnfuv-temp-exp1-55d487b85b-5ztk8', 42.0, 23.0, 1.0, 1522089300.283415
'gnfuv-temp-exp1-55d487b85b-5ztk8', 42.0, 23.0, 1.0, 1522089305.844816
'gnfuv-temp-exp1-55d487b85b-5ztk8', 42.0, 23.0, 1.0, 1522089311.812227
'gnfuv-temp-exp1-55d487b85b-5ztk8', 42.0, 23.0, 1.0, 1522089345.382172
'gnfuv-temp-exp1-55d487b85b-5ztk8', 40.0, 23.0, 1.0, 1522089378.962139
'gnfuv-temp-exp1-55d487b85b-5ztk8', 42.0, 23.0, 1.0, 1522089415.068324
'gnfuv-temp-exp1-55d487b85b-5ztk8', 42.0, 23.0, 1.0, 1522089448.64759
'gnfuv-temp-exp1-55d487b85b-5ztk8', 43.0, 22.0, 1.0, 1522089482.229318
'gnfuv-temp-exp1-55d487b85b-5ztk8', 47.0, 22.0, 1.0, 1522089515.804347
'gnfuv-temp-exp1-55d487b85b-5ztk8', 45.0, 21.0, 1.0, 1522089549.378684
'gnfuv-temp-exp1-55d487b85b-5ztk8', 45.0, 22.0, 1.0, 1522089558.614969
'gnfuv-temp-exp1-55d487b85b-5ztk8', 45.0, 22.0, 1.0, 1522089572.081612
'gnfuv-temp-exp1-55d487b85b-5ztk8', 45.0, 22.0, 1.0, 1522089577.740547
'gnfuv-temp-exp1-55d487b85b-5ztk8', 45.0, 22.0, 1.0, 1522089583.811956
'gnfuv-temp-exp1-55d487b85b-5ztk8', 'None', 'None', 1.0, 1522089627.232421
'gnfuv-temp-exp1-55d487b85b-5ztk8', 44.0, 22.0, 1.0, 1522089633.045567
'gnfuv-temp-exp1-55d487b85b-5ztk8', 44.0, 22.0, 1.0, 1522089644.198601
'gnfuv-temp-exp1-55d487b85b-5ztk8', 43.0, 22.0, 1.0, 1522089652.29761
'gnfuv-temp-exp1-55d487b85b-5ztk8', 43.0, 22.0, 1.0, 1522089658.874683
'gnfuv-temp-exp1-55d487b85b-5ztk8', 42.0, 22.0, 1.0, 1522089667.907853
'gnfuv-temp-exp1-55d487b85b-5ztk8', 42.0, 22.0, 1.0, 1522089673.486753
'gnfuv-temp-exp1-55d487b85b-5ztk8', 'None', 'None', 1.0, 1522089716.930245
'gnfuv-temp-exp1-55d487b85b-5ztk8', 42.0, 22.0, 1.0, 1522089723.200409
'gnfuv-temp-exp1-55d487b85b-5ztk8', 43.0, 22.0, 1.0, 1522089732.297788
'gnfuv-temp-exp1-55d487b85b-5ztk8', 43.0, 22.0, 1.0, 1522089738.337584
'gnfuv-temp-exp1-55d487b85b-5ztk8', 43.0, 22.0, 1.0, 1522089744.722246
'gnfuv-temp-exp1-55d487b85b-5ztk8', 43.0, 22.0, 1.0, 1522089755.857769
'gnfuv-temp-exp1-55d487b85b-5ztk8', 42.0, 21.0, 1.0, 1522089765.055885
'gnfuv-temp-exp1-55d487b85b-5ztk8', 43.0, 21.0, 1.0, 1522089770.751369
'gnfuv-temp-exp1-55d487b85b-5ztk8', 43.0, 21.0, 1.0, 1522089776.594902
'gnfuv-temp-exp1-55d487b85b-5ztk8', 43.0, 21.0, 1.0, 1522089785.406086
'gnfuv-temp-exp1-55d487b85b-5ztk8', 44.0, 21.0, 1.0, 1522089794.346309
'gnfuv-temp-exp1-55d487b85b-5ztk8', 44.0, 21.0, 1.0, 1522089800.11153
'gnfuv-temp-exp1-55d487b85b-5ztk8', 44.0, 21.0, 1.0, 1522089806.155869
'gnfuv-temp-exp1-55d487b85b-5ztk8', 'None', 'None', 1.0, 1522089849.739757
'gnfuv-temp-exp1-55d487b85b-5ztk8', 44.0, 21.0, 1.0, 1522089855.5547
'gnfuv-temp-exp1-55d487b85b-5ztk8', 44.0, 21.0, 1.0, 1522089864.167305
'gnfuv-temp-exp1-55d487b85b-5ztk8', 44.0, 21.0, 1.0, 1522089869.831211
'gnfuv-temp-exp1-55d487b85b-5ztk8', 44.0, 21.0, 1.0, 1522089875.869685
'gnfuv-temp-exp1-55d487b85b-5ztk8', 45.0, 22.0, 1.0, 1522089881.887742
'gnfuv-temp-exp1-55d487b85b-5ztk8', 44.0, 22.0, 1.0, 1522089887.917195
'gnfuv-temp-exp1-55d487b85b-5ztk8', 44.0, 22.0, 1.0, 1522089893.939892
'gnfuv-temp-exp1-55d487b85b-5ztk8', 44.0, 22.0, 1.0, 1522089907.085268
'gnfuv-temp-exp1-55d487b85b-5ztk8', 43.0, 22.0, 1.0, 1522089912.641463
'gnfuv-temp-exp1-55d487b85b-5ztk8', 43.0, 22.0, 1.0, 1522089918.656184
'gnfuv-temp-exp1-55d487b85b-5ztk8', 43.0, 22.0, 1.0, 1522089924.672156
'gnfuv-temp-exp1-55d487b85b-5ztk8', 43.0, 22.0, 1.0, 1522089930.689705
'gnfuv-temp-exp1-55d487b85b-5ztk8', 43.0, 22.0, 1.0, 1522089944.286679
'gnfuv-temp-exp1-55d487b85b-5ztk8', 42.0, 22.0, 1.0, 1522089957.601333
'gnfuv-temp-exp1-55d487b85b-5ztk8', 43.0, 22.0, 1.0, 1522089966.104983
'gnfuv-temp-exp1-55d487b85b-5ztk8', 43.0, 22.0, 1.0, 1522089974.25494
'gnfuv-temp-exp1-55d487b85b-5ztk8', 43.0, 21.0, 1.0, 1522089982.791528
'gnfuv-temp-exp1-55d487b85b-5ztk8', 43.0, 21.0, 1.0, 1522089990.911027
'gnfuv-temp-exp1-55d487b85b-5ztk8', 44.0, 21.0, 1.0, 1522089997.026457
'gnfuv-temp-exp1-55d487b85b-5ztk8', 44.0, 21.0, 1.0, 1522090008.091242
'gnfuv-temp-exp1-55d487b85b-5ztk8', 44.0, 21.0, 1.0, 1522090013.652431
'gnfuv-temp-exp1-55d487b85b-5ztk8', 44.0, 21.0, 1.0, 1522090019.21218
'gnfuv-temp-exp1-55d487b85b-5ztk8', 44.0, 21.0, 1.0, 1522090027.755397
'gnfuv-temp-exp1-55d487b85b-5ztk8', 44.0, 21.0, 1.0, 1522090035.09745
'gnfuv-temp-exp1-55d487b85b-5ztk8', 44.0, 21.0, 1.0, 1522090040.680851
'gnfuv-temp-exp1-55d487b85b-5ztk8', 44.0, 21.0, 1.0, 1522090046.263591
'gnfuv-temp-exp1-55d487b85b-5ztk8', 45.0, 21.0, 1.0, 1522090052.830999
'gnfuv-temp-exp1-55d487b85b-5ztk8', 45.0, 21.0, 1.0, 1522090059.086101
'gnfuv-temp-exp1-55d487b85b-5ztk8', 45.0, 21.0, 1.0, 1522090065.13239
'gnfuv-temp-exp1-55d487b85b-5ztk8', 45.0, 21.0, 1.0, 1522090073.267811
'gnfuv-temp-exp1-55d487b85b-5ztk8', 45.0, 21.0, 1.0, 1522090078.822403
'gnfuv-temp-exp1-55d487b85b-5ztk8', 45.0, 21.0, 1.0, 1522090084.384209
'gnfuv-temp-exp1-55d487b85b-5ztk8', 44.0, 21.0, 1.0, 1522090095.408977
'gnfuv-temp-exp1-55d487b85b-5ztk8', 44.0, 21.0, 1.0, 1522090101.448991
'gnfuv-temp-exp1-55d487b85b-5ztk8', 45.0, 22.0, 1.0, 1522090109.554731
'gnfuv-temp-exp1-55d487b85b-5ztk8', 45.0, 22.0, 1.0, 1522090115.459445
'gnfuv-temp-exp1-55d487b85b-5ztk8', 45.0, 22.0, 1.0, 1522090123.998261
'gnfuv-temp-exp1-55d487b85b-5ztk8', 44.0, 22.0, 1.0, 1522090132.087604
'gnfuv-temp-exp1-55d487b85b-5ztk8', 44.0, 22.0, 1.0, 1522090137.645867
'gnfuv-temp-exp1-55d487b85b-5ztk8', 43.0, 22.0, 1.0, 1522090146.077319
'gnfuv-temp-exp1-55d487b85b-5ztk8', 44.0, 22.0, 1.0, 1522090155.10549
'gnfuv-temp-exp1-55d487b85b-5ztk8', 43.0, 22.0, 1.0, 1522090160.855632
'gnfuv-temp-exp1-55d487b85b-5ztk8', 43.0, 22.0, 1.0, 1522090169.401405
'gnfuv-temp-exp1-55d487b85b-5ztk8', 43.0, 22.0, 1.0, 1522090174.970224
'gnfuv-temp-exp1-55d487b85b-5ztk8', 43.0, 22.0, 1.0, 1522090180.529206
'gnfuv-temp-exp1-55d487b85b-5ztk8', 43.0, 22.0, 1.0, 1522090186.38225
'gnfuv-temp-exp1-55d487b85b-5ztk8', 43.0, 22.0, 1.0, 1522090197.457668
'gnfuv-temp-exp1-55d487b85b-5ztk8', 43.0, 22.0, 1.0, 1522090206.282115
'gnfuv-temp-exp1-55d487b85b-5ztk8', 43.0, 22.0, 1.0, 1522090216.894278
'gnfuv-temp-exp1-55d487b85b-5ztk8', 43.0, 22.0, 1.0, 1522090222.779737
'gnfuv-temp-exp1-55d487b85b-5ztk8', 43.0, 22.0, 1.0, 1522090228.794307
'gnfuv-temp-exp1-55d487b85b-5ztk8', 43.0, 22.0, 1.0, 1522090234.803815
'gnfuv-temp-exp1-55d487b85b-5ztk8', 43.0, 22.0, 1.0, 1522090243.35565
'gnfuv-temp-exp1-55d487b85b-5ztk8', 43.0, 22.0, 1.0, 1522090249.855923
'gnfuv-temp-exp1-55d487b85b-5ztk8', 43.0, 22.0, 1.0, 1522090260.575942
'gnfuv-temp-exp1-55d487b85b-5ztk8', 43.0, 23.0, 1.0, 1522090288.768232
'gnfuv-temp-exp1-55d487b85b-5ztk8', 42.0, 23.0, 1.0, 1522090294.347834
'gnfuv-temp-exp1-55d487b85b-5ztk8', 41.0, 23.0, 1.0, 1522090300.053034
'gnfuv-temp-exp1-55d487b85b-5ztk8', 41.0, 23.0, 1.0, 1522090308.284491
'gnfuv-temp-exp1-55d487b85b-5ztk8', 41.0, 23.0, 1.0, 1522090313.871314
'gnfuv-temp-exp1-55d487b85b-5ztk8', 41.0, 23.0, 1.0, 1522090322.256384
'gnfuv-temp-exp1-55d487b85b-5ztk8', 41.0, 23.0, 1.0, 1522090330.347042
'gnfuv-temp-exp1-55d487b85b-5ztk8', 40.0, 24.0, 1.0, 1522090363.928801
'gnfuv-temp-exp1-55d487b85b-5ztk8', 40.0, 23.0, 1.0, 1522090370.522624
'gnfuv-temp-exp1-55d487b85b-5ztk8', 39.0, 23.0, 1.0, 1522090378.612418
'gnfuv-temp-exp1-55d487b85b-5ztk8', 39.0, 23.0, 1.0, 1522090384.33037
'gnfuv-temp-exp1-55d487b85b-5ztk8', 39.0, 23.0, 1.0, 1522090395.418989
'gnfuv-temp-exp1-55d487b85b-5ztk8', 39.0, 23.0, 1.0, 1522090400.245217
'gnfuv-temp-exp1-55d487b85b-5ztk8', 40.0, 23.0, 1.0, 1522090404.986981
'gnfuv-temp-exp1-55d487b85b-5ztk8', 40.0, 23.0, 1.0, 1522090409.870844
'gnfuv-temp-exp1-55d487b85b-5ztk8', 40.0, 23.0, 1.0, 1522090414.603019
'gnfuv-temp-exp1-55d487b85b-5ztk8', 41.0, 23.0, 1.0, 1522090419.359438
'gnfuv-temp-exp1-55d487b85b-5ztk8', 41.0, 23.0, 1.0, 1522090424.060886
'gnfuv-temp-exp1-55d487b85b-5ztk8', 41.0, 23.0, 1.0, 1522090428.764185
'gnfuv-temp-exp1-55d487b85b-5ztk8', 41.0, 23.0, 1.0, 1522090436.026967
'gnfuv-temp-exp1-55d487b85b-5ztk8', 41.0, 23.0, 1.0, 1522090440.731369
'gnfuv-temp-exp1-55d487b85b-5ztk8', 41.0, 23.0, 1.0, 1522090460.616589
'gnfuv-temp-exp1-55d487b85b-5ztk8', 41.0, 23.0, 1.0, 1522090465.342031
'gnfuv-temp-exp1-55d487b85b-5ztk8', 41.0, 23.0, 1.0, 1522090470.041904
'gnfuv-temp-exp1-55d487b85b-5ztk8', 40.0, 23.0, 1.0, 1522090474.791389
'gnfuv-temp-exp1-55d487b85b-5ztk8', 40.0, 23.0, 1.0, 1522090479.537446
'gnfuv-temp-exp1-55d487b85b-5ztk8', 40.0, 23.0, 1.0, 1522090484.251848
'gnfuv-temp-exp1-55d487b85b-5ztk8', 40.0, 23.0, 1.0, 1522090499.065676
'gnfuv-temp-exp1-55d487b85b-5ztk8', 40.0, 23.0, 1.0, 1522090503.767794
'gnfuv-temp-exp1-55d487b85b-5ztk8', 40.0, 23.0, 1.0, 1522090526.216845
'gnfuv-temp-exp1-55d487b85b-5ztk8', 40.0, 23.0, 1.0, 1522090530.963301
'gnfuv-temp-exp1-55d487b85b-5ztk8', 41.0, 23.0, 1.0, 1522090538.191808
'gnfuv-temp-exp1-55d487b85b-5ztk8', 41.0, 23.0, 1.0, 1522090568.16478
'gnfuv-temp-exp1-55d487b85b-5ztk8', 41.0, 23.0, 1.0, 1522090572.912477
'gnfuv-temp-exp1-55d487b85b-5ztk8', 42.0, 23.0, 1.0, 1522090587.760754
'gnfuv-temp-exp1-55d487b85b-5ztk8', 42.0, 23.0, 1.0, 1522090592.486975
'gnfuv-temp-exp1-55d487b85b-5ztk8', 41.0, 23.0, 1.0, 1522090597.217886
'gnfuv-temp-exp1-55d487b85b-5ztk8', 40.0, 23.0, 1.0, 1522090624.668016
'gnfuv-temp-exp1-55d487b85b-5ztk8', 40.0, 23.0, 1.0, 1522090629.37365
'gnfuv-temp-exp1-55d487b85b-5ztk8', 40.0, 23.0, 1.0, 1522090634.129147
'gnfuv-temp-exp1-55d487b85b-5ztk8', 40.0, 23.0, 1.0, 1522090641.358937
'gnfuv-temp-exp1-55d487b85b-5ztk8', 40.0, 23.0, 1.0, 1522090646.07771
'gnfuv-temp-exp1-55d487b85b-5ztk8', 41.0, 23.0, 1.0, 1522090668.456628
'gnfuv-temp-exp1-55d487b85b-5ztk8', 41.0, 23.0, 1.0, 1522090678.25366
'gnfuv-temp-exp1-55d487b85b-5ztk8', 41.0, 22.0, 1.0, 1522090682.974155
'gnfuv-temp-exp1-55d487b85b-5ztk8', 43.0, 22.0, 1.0, 1522090710.416527
'gnfuv-temp-exp1-55d487b85b-5ztk8', 43.0, 22.0, 1.0, 1522090715.156518
'gnfuv-temp-exp1-55d487b85b-5ztk8', 42.0, 23.0, 1.0, 1522090719.895675
'gnfuv-temp-exp1-55d487b85b-5ztk8', 43.0, 22.0, 1.0, 1522090739.804494
'gnfuv-temp-exp1-55d487b85b-5ztk8', 43.0, 22.0, 1.0, 1522090744.532537
'gnfuv-temp-exp1-55d487b85b-5ztk8', 42.0, 22.0, 1.0, 1522090754.288622
'gnfuv-temp-exp1-55d487b85b-5ztk8', 42.0, 22.0, 1.0, 1522090758.996284
'gnfuv-temp-exp1-55d487b85b-5ztk8', 42.0, 22.0, 1.0, 1522090763.714458
'gnfuv-temp-exp1-55d487b85b-5ztk8', 42.0, 23.0, 1.0, 1522090773.505429
'gnfuv-temp-exp1-55d487b85b-5ztk8', 42.0, 23.0, 1.0, 1522090780.765887
'gnfuv-temp-exp1-55d487b85b-5ztk8', 41.0, 23.0, 1.0, 1522090813.301042
'gnfuv-temp-exp1-55d487b85b-5ztk8', 41.0, 23.0, 1.0, 1522090838.26467
'gnfuv-temp-exp1-55d487b85b-5ztk8', 41.0, 23.0, 1.0, 1522090845.495948
'gnfuv-temp-exp1-55d487b85b-5ztk8', 40.0, 23.0, 1.0, 1522090850.201839
'gnfuv-temp-exp1-55d487b85b-5ztk8', 41.0, 22.0, 1.0, 1522090875.152997
'gnfuv-temp-exp1-55d487b85b-5ztk8', 42.0, 22.0, 1.0, 1522090879.857626
'gnfuv-temp-exp1-55d487b85b-5ztk8', 'None', 'None', 1.0, 1522090921.938787
'gnfuv-temp-exp1-55d487b85b-5ztk8', 45.0, 21.0, 1.0, 1522090949.445287
'gnfuv-temp-exp1-55d487b85b-5ztk8', 45.0, 21.0, 1.0, 1522090954.177546
'gnfuv-temp-exp1-55d487b85b-5ztk8', 45.0, 21.0, 1.0, 1522090958.883919
'gnfuv-temp-exp1-55d487b85b-5ztk8', 45.0, 21.0, 1.0, 1522090963.626152
'gnfuv-temp-exp1-55d487b85b-5ztk8', 45.0, 21.0, 1.0, 1522090980.986731
'gnfuv-temp-exp1-55d487b85b-5ztk8', 45.0, 22.0, 1.0, 1522091013.521503
'gnfuv-temp-exp1-55d487b85b-5ztk8', 45.0, 22.0, 1.0, 1522091018.23892
'gnfuv-temp-exp1-55d487b85b-5ztk8', 45.0, 22.0, 1.0, 1522091022.952505
'gnfuv-temp-exp1-55d487b85b-5ztk8', 43.0, 22.0, 1.0, 1522091032.756002
'gnfuv-temp-exp1-55d487b85b-5ztk8', 43.0, 22.0, 1.0, 1522091040.04657
'gnfuv-temp-exp1-55d487b85b-5ztk8', 43.0, 22.0, 1.0, 1522091044.831843
'gnfuv-temp-exp1-55d487b85b-5ztk8', 43.0, 23.0, 1.0, 1522091064.703795
'gnfuv-temp-exp1-55d487b85b-5ztk8', 42.0, 23.0, 1.0, 1522091074.696881
'gnfuv-temp-exp1-55d487b85b-5ztk8', 41.0, 23.0, 1.0, 1522091092.075267
'gnfuv-temp-exp1-55d487b85b-5ztk8', 41.0, 23.0, 1.0, 1522091097.085847
'gnfuv-temp-exp1-55d487b85b-5ztk8', 41.0, 23.0, 1.0, 1522091102.160726
'gnfuv-temp-exp1-55d487b85b-5ztk8', 39.0, 24.0, 1.0, 1522091139.695006
'gnfuv-temp-exp1-55d487b85b-5ztk8', 40.0, 24.0, 1.0, 1522091159.572025
'gnfuv-temp-exp1-55d487b85b-5ztk8', 40.0, 24.0, 1.0, 1522091171.871954
'gnfuv-temp-exp1-55d487b85b-5ztk8', 40.0, 24.0, 1.0, 1522091176.575549
'gnfuv-temp-exp1-55d487b85b-5ztk8', 39.0, 24.0, 1.0, 1522091196.45199
'gnfuv-temp-exp1-55d487b85b-5ztk8', 38.0, 24.0, 1.0, 1522091204.501761
'gnfuv-temp-exp1-55d487b85b-5ztk8', 38.0, 24.0, 1.0, 1522091216.795304
'gnfuv-temp-exp1-55d487b85b-5ztk8', 'None', 'None', 1.0, 1522091259.07362
'gnfuv-temp-exp1-55d487b85b-5ztk8', 39.0, 23.0, 1.0, 1522091264.334269
'gnfuv-temp-exp1-55d487b85b-5ztk8', 39.0, 23.0, 1.0, 1522091279.766375
'gnfuv-temp-exp1-55d487b85b-5ztk8', 39.0, 23.0, 1.0, 1522091284.950703
'gnfuv-temp-exp1-55d487b85b-5ztk8', 'None', 'None', 1.0, 1522091327.557842
'gnfuv-temp-exp1-55d487b85b-5ztk8', 37.0, 24.0, 1.0, 1522091337.308171
'gnfuv-temp-exp1-55d487b85b-5ztk8', 37.0, 24.0, 1.0, 1522091342.048119
'gnfuv-temp-exp1-55d487b85b-5ztk8', 38.0, 24.0, 1.0, 1522091346.780012
'gnfuv-temp-exp1-55d487b85b-5ztk8', 37.0, 24.0, 1.0, 1522091351.508612
'gnfuv-temp-exp1-55d487b85b-5ztk8', 35.0, 25.0, 1.0, 1522091386.560624
'gnfuv-temp-exp1-55d487b85b-5ztk8', 35.0, 25.0, 1.0, 1522091393.796136
'gnfuv-temp-exp1-55d487b85b-5ztk8', 35.0, 25.0, 1.0, 1522091398.530074
'gnfuv-temp-exp1-55d487b85b-5ztk8', 35.0, 24.0, 1.0, 1522091405.787191
'gnfuv-temp-exp1-55d487b85b-5ztk8', 35.0, 24.0, 1.0, 1522091410.896624
'gnfuv-temp-exp1-55d487b85b-5ztk8', 'None', 'None', 1.0, 1522091452.988702
'gnfuv-temp-exp1-55d487b85b-5ztk8', 36.0, 24.0, 1.0, 1522091470.338422
'gnfuv-temp-exp1-55d487b85b-5ztk8', 36.0, 24.0, 1.0, 1522091475.061469
'gnfuv-temp-exp1-55d487b85b-5ztk8', 'None', 'None', 1.0, 1522091517.124577
'gnfuv-temp-exp1-55d487b85b-5ztk8', 37.0, 24.0, 1.0, 1522091524.388607
'gnfuv-temp-exp1-55d487b85b-5ztk8', 'None', 'None', 1.0, 1522091566.492412
'gnfuv-temp-exp1-55d487b85b-5ztk8', 36.0, 24.0, 1.0, 1522091573.95177
'gnfuv-temp-exp1-55d487b85b-5ztk8', 'None', 'None', 1.0, 1522091616.024507
'gnfuv-temp-exp1-55d487b85b-5ztk8', 39.0, 23.0, 1.0, 1522091630.971209
'gnfuv-temp-exp1-55d487b85b-5ztk8', 39.0, 24.0, 1.0, 1522091635.752772
'gnfuv-temp-exp1-55d487b85b-5ztk8', 'None', 'None', 1.0, 1522091677.993939
'gnfuv-temp-exp1-55d487b85b-5ztk8', 38.0, 24.0, 1.0, 1522091682.731471
'gnfuv-temp-exp1-55d487b85b-5ztk8', 'None', 'None', 1.0, 1522091724.805946
'gnfuv-temp-exp1-55d487b85b-5ztk8', 37.0, 24.0, 1.0, 1522091737.110543
'gnfuv-temp-exp1-55d487b85b-5ztk8', 37.0, 24.0, 1.0, 1522091749.383788
'gnfuv-temp-exp1-55d487b85b-5ztk8', 36.0, 24.0, 1.0, 1522091759.178973
'gnfuv-temp-exp1-55d487b85b-5ztk8', 'None', 'None', 1.0, 1522091801.282327
'gnfuv-temp-exp1-55d487b85b-5ztk8', 36.0, 24.0, 1.0, 1522091806.041493
'gnfuv-temp-exp1-55d487b85b-5ztk8', 36.0, 24.0, 1.0, 1522091813.345476
'gnfuv-temp-exp1-55d487b85b-5ztk8', 'None', 'None', 1.0, 1522091855.415767
'gnfuv-temp-exp1-55d487b85b-5ztk8', 35.0, 25.0, 1.0, 1522091872.871695
'gnfuv-temp-exp1-55d487b85b-5ztk8', 34.0, 25.0, 1.0, 1522091907.945677
'gnfuv-temp-exp1-55d487b85b-5ztk8', 34.0, 25.0, 1.0, 1522091917.705712
'gnfuv-temp-exp1-55d487b85b-5ztk8', 35.0, 25.0, 1.0, 1522091927.501774
'gnfuv-temp-exp1-55d487b85b-5ztk8', 35.0, 25.0, 1.0, 1522091965.04119
'gnfuv-temp-exp1-55d487b85b-5ztk8', 34.0, 25.0, 1.0, 1522091969.792941
'gnfuv-temp-exp1-55d487b85b-5ztk8', 35.0, 25.0, 1.0, 1522091984.632222
'gnfuv-temp-exp1-55d487b85b-5ztk8', 34.0, 25.0, 1.0, 1522091992.036391
'gnfuv-temp-exp1-55d487b85b-5ztk8', 34.0, 25.0, 1.0, 1522092016.947768
'gnfuv-temp-exp1-55d487b85b-5ztk8', 34.0, 25.0, 1.0, 1522092029.467714
'gnfuv-temp-exp1-55d487b85b-5ztk8', 'None', 'None', 1.0, 1522092071.531918
'gnfuv-temp-exp1-55d487b85b-5ztk8', 'None', 'None', 1.0, 1522092113.612452
'gnfuv-temp-exp1-55d487b85b-5ztk8', 34.0, 25.0, 1.0, 1522092118.358023
'gnfuv-temp-exp1-55d487b85b-5ztk8', 34.0, 25.0, 1.0, 1522092158.461429
'gnfuv-temp-exp1-55d487b85b-5ztk8', 35.0, 25.0, 1.0, 1522092173.321375
'gnfuv-temp-exp1-55d487b85b-5ztk8', 38.0, 24.0, 1.0, 1522092208.361326
'gnfuv-temp-exp1-55d487b85b-5ztk8', 39.0, 24.0, 1.0, 1522092225.746292
'gnfuv-temp-exp1-55d487b85b-5ztk8', 39.0, 24.0, 1.0, 1522092233.071448
'gnfuv-temp-exp1-55d487b85b-5ztk8', 39.0, 24.0, 1.0, 1522092237.889246
'gnfuv-temp-exp1-55d487b85b-5ztk8', 39.0, 24.0, 1.0, 1522092245.192377
'gnfuv-temp-exp1-55d487b85b-5ztk8', 'None', 'None', 1.0, 1522092287.276563
'gnfuv-temp-exp1-55d487b85b-5ztk8', 34.0, 27.0, 1.0, 1522092297.085975
'gnfuv-temp-exp1-55d487b85b-5ztk8', 33.0, 27.0, 1.0, 1522092304.324516
'gnfuv-temp-exp1-55d487b85b-5ztk8', 32.0, 29.0, 1.0, 1522092344.422084
'gnfuv-temp-exp1-55d487b85b-5ztk8', 31.0, 30.0, 1.0, 1522092383.213137
'gnfuv-temp-exp1-55d487b85b-5ztk8', 31.0, 30.0, 1.0, 1522092387.965953
'gnfuv-temp-exp1-55d487b85b-5ztk8', 30.0, 30.0, 1.0, 1522092400.334265
'gnfuv-temp-exp1-55d487b85b-5ztk8', 'None', 'None', 1.0, 1522092442.422922
'gnfuv-temp-exp1-55d487b85b-5ztk8', 29.0, 31.0, 1.0, 1522092447.149094
'gnfuv-temp-exp1-55d487b85b-5ztk8', 'None', 'None', 1.0, 1522092489.212775
'gnfuv-temp-exp1-55d487b85b-5ztk8', 27.0, 32.0, 1.0, 1522092509.085347
'gnfuv-temp-exp1-55d487b85b-5ztk8', 26.0, 32.0, 1.0, 1522092526.486346
'gnfuv-temp-exp1-55d487b85b-5ztk8', 26.0, 33.0, 1.0, 1522092556.866806
'gnfuv-temp-exp1-55d487b85b-5ztk8', 26.0, 33.0, 1.0, 1522092579.963719
'gnfuv-temp-exp1-55d487b85b-5ztk8', 26.0, 33.0, 1.0, 1522092584.668174
'gnfuv-temp-exp1-55d487b85b-5ztk8', 25.0, 33.0, 1.0, 1522092589.396038
'gnfuv-temp-exp1-55d487b85b-5ztk8', 'None', 'None', 1.0, 1522092631.493722
'gnfuv-temp-exp1-55d487b85b-5ztk8', 24.0, 34.0, 1.0, 1522092636.201557
'gnfuv-temp-exp1-55d487b85b-5ztk8', 24.0, 34.0, 1.0, 1522092643.426997
'gnfuv-temp-exp1-55d487b85b-5ztk8', 24.0, 34.0, 1.0, 1522092655.962229
'gnfuv-temp-exp1-55d487b85b-5ztk8', 'None', 'None', 1.0, 1522092698.069048
'gnfuv-temp-exp1-55d487b85b-5ztk8', 23.0, 35.0, 1.0, 1522092707.874538
'gnfuv-temp-exp1-55d487b85b-5ztk8', 22.0, 35.0, 1.0, 1522092712.595697
