'gnfuv-temp-exp1-55d487b85b-xcl97', 59.0, 20.0, 1.0, 1522081647.938131
'gnfuv-temp-exp1-55d487b85b-xcl97', 58.0, 21.0, 1.0, 1522081652.676254
'gnfuv-temp-exp1-55d487b85b-xcl97', 57.0, 21.0, 1.0, 1522081659.938705
'gnfuv-temp-exp1-55d487b85b-xcl97', 57.0, 21.0, 1.0, 1522081667.217087
'gnfuv-temp-exp1-55d487b85b-xcl97', 57.0, 21.0, 1.0, 1522081671.977707
'gnfuv-temp-exp1-55d487b85b-xcl97', 57.0, 21.0, 1.0, 1522081676.739325
'gnfuv-temp-exp1-55d487b85b-xcl97', 57.0, 21.0, 1.0, 1522081681.50218
'gnfuv-temp-exp1-55d487b85b-xcl97', 57.0, 21.0, 1.0, 1522081686.321927
'gnfuv-temp-exp1-55d487b85b-xcl97', 56.0, 21.0, 1.0, 1522081691.780018
'gnfuv-temp-exp1-55d487b85b-xcl97', 56.0, 21.0, 1.0, 1522081699.151873
'gnfuv-temp-exp1-55d487b85b-xcl97', 58.0, 22.0, 1.0, 1522081703.913439
'gnfuv-temp-exp1-55d487b85b-xcl97', 57.0, 22.0, 1.0, 1522081708.701921
'gnfuv-temp-exp1-55d487b85b-xcl97', 57.0, 22.0, 1.0, 1522081713.446642
'gnfuv-temp-exp1-55d487b85b-xcl97', 57.0, 22.0, 1.0, 1522081718.742744
'gnfuv-temp-exp1-55d487b85b-xcl97', 57.0, 22.0, 1.0, 1522081723.504529
'gnfuv-temp-exp1-55d487b85b-xcl97', 57.0, 22.0, 1.0, 1522081728.264691
'gnfuv-temp-exp1-55d487b85b-xcl97', 57.0, 22.0, 1.0, 1522081735.515964
'gnfuv-temp-exp1-55d487b85b-xcl97', 57.0, 22.0, 1.0, 1522081740.290831
'gnfuv-temp-exp1-55d487b85b-xcl97', 57.0, 22.0, 1.0, 1522081745.047075
'gnfuv-temp-exp1-55d487b85b-xcl97', 57.0, 22.0, 1.0, 1522081749.804344
'gnfuv-temp-exp1-55d487b85b-xcl97', 56.0, 22.0, 1.0, 1522081754.615776
'gnfuv-temp-exp1-55d487b85b-xcl97', 57.0, 22.0, 1.0, 1522081759.53131
'gnfuv-temp-exp1-55d487b85b-xcl97', 57.0, 22.0, 1.0, 1522081764.315981
'gnfuv-temp-exp1-55d487b85b-xcl97', 56.0, 22.0, 1.0, 1522081769.07022
'gnfuv-temp-exp1-55d487b85b-xcl97', 57.0, 22.0, 1.0, 1522081778.856707
'gnfuv-temp-exp1-55d487b85b-xcl97', 56.0, 22.0, 1.0, 1522081783.638562
'gnfuv-temp-exp1-55d487b85b-xcl97', 56.0, 22.0, 1.0, 1522081790.916952
'gnfuv-temp-exp1-55d487b85b-xcl97', 56.0, 22.0, 1.0, 1522081798.212337
'gnfuv-temp-exp1-55d487b85b-xcl97', 56.0, 22.0, 1.0, 1522081803.228185
'gnfuv-temp-exp1-55d487b85b-xcl97', 56.0, 23.0, 1.0, 1522081808.033979
'gnfuv-temp-exp1-55d487b85b-xcl97', 56.0, 23.0, 1.0, 1522081812.803351
'gnfuv-temp-exp1-55d487b85b-xcl97', 55.0, 23.0, 1.0, 1522081820.106707
'gnfuv-temp-exp1-55d487b85b-xcl97', 55.0, 23.0, 1.0, 1522081829.907729
'gnfuv-temp-exp1-55d487b85b-xcl97', 55.0, 23.0, 1.0, 1522081834.647716
'gnfuv-temp-exp1-55d487b85b-xcl97', 55.0, 23.0, 1.0, 1522081839.473603
'gnfuv-temp-exp1-55d487b85b-xcl97', 55.0, 23.0, 1.0, 1522081844.481448
'gnfuv-temp-exp1-55d487b85b-xcl97', 55.0, 23.0, 1.0, 1522081849.234826
'gnfuv-temp-exp1-55d487b85b-xcl97', 54.0, 23.0, 1.0, 1522081853.961812
'gnfuv-temp-exp1-55d487b85b-xcl97', 54.0, 23.0, 1.0, 1522081858.724709
'gnfuv-temp-exp1-55d487b85b-xcl97', 54.0, 23.0, 1.0, 1522081867.406107
'gnfuv-temp-exp1-55d487b85b-xcl97', 54.0, 23.0, 1.0, 1522081872.183647
'gnfuv-temp-exp1-55d487b85b-xcl97', 54.0, 23.0, 1.0, 1522081876.919005
'gnfuv-temp-exp1-55d487b85b-xcl97', 53.0, 23.0, 1.0, 1522081881.667194
'gnfuv-temp-exp1-55d487b85b-xcl97', 53.0, 23.0, 1.0, 1522081886.401834
'gnfuv-temp-exp1-55d487b85b-xcl97', 53.0, 24.0, 1.0, 1522081898.967523
'gnfuv-temp-exp1-55d487b85b-xcl97', 53.0, 24.0, 1.0, 1522081903.74667
'gnfuv-temp-exp1-55d487b85b-xcl97', 53.0, 24.0, 1.0, 1522081908.497752
'gnfuv-temp-exp1-55d487b85b-xcl97', 53.0, 24.0, 1.0, 1522081913.257505
'gnfuv-temp-exp1-55d487b85b-xcl97', 53.0, 24.0, 1.0, 1522081918.07696
'gnfuv-temp-exp1-55d487b85b-xcl97', 52.0, 24.0, 1.0, 1522081923.264431
'gnfuv-temp-exp1-55d487b85b-xcl97', 52.0, 24.0, 1.0, 1522081928.50058
'gnfuv-temp-exp1-55d487b85b-xcl97', 52.0, 24.0, 1.0, 1522081934.303907
'gnfuv-temp-exp1-55d487b85b-xcl97', 52.0, 24.0, 1.0, 1522081943.46315
'gnfuv-temp-exp1-55d487b85b-xcl97', 52.0, 24.0, 1.0, 1522081954.194237
'gnfuv-temp-exp1-55d487b85b-xcl97', 52.0, 24.0, 1.0, 1522081964.203068
'gnfuv-temp-exp1-55d487b85b-xcl97', 51.0, 24.0, 1.0, 1522081975.11557
'gnfuv-temp-exp1-55d487b85b-xcl97', 51.0, 24.0, 1.0, 1522081983.240243
'gnfuv-temp-exp1-55d487b85b-xcl97', 51.0, 24.0, 1.0, 1522081994.219198
'gnfuv-temp-exp1-55d487b85b-xcl97', 51.0, 24.0, 1.0, 1522082001.033919
'gnfuv-temp-exp1-55d487b85b-xcl97', 51.0, 24.0, 1.0, 1522082006.648875
'gnfuv-temp-exp1-55d487b85b-xcl97', 51.0, 24.0, 1.0, 1522082020.929917
'gnfuv-temp-exp1-55d487b85b-xcl97', 50.0, 24.0, 1.0, 1522082025.729801
'gnfuv-temp-exp1-55d487b85b-xcl97', 51.0, 24.0, 1.0, 1522082030.632573
'gnfuv-temp-exp1-55d487b85b-xcl97', 50.0, 24.0, 1.0, 1522082037.090381
'gnfuv-temp-exp1-55d487b85b-xcl97', 51.0, 25.0, 1.0, 1522082043.599831
'gnfuv-temp-exp1-55d487b85b-xcl97', 50.0, 25.0, 1.0, 1522082054.014886
'gnfuv-temp-exp1-55d487b85b-xcl97', 50.0, 25.0, 1.0, 1522082062.181009
'gnfuv-temp-exp1-55d487b85b-xcl97', 50.0, 25.0, 1.0, 1522082069.813527
'gnfuv-temp-exp1-55d487b85b-xcl97', 50.0, 25.0, 1.0, 1522082077.166139
'gnfuv-temp-exp1-55d487b85b-xcl97', 50.0, 25.0, 1.0, 1522082084.448089
'gnfuv-temp-exp1-55d487b85b-xcl97', 50.0, 25.0, 1.0, 1522082089.173366
'gnfuv-temp-exp1-55d487b85b-xcl97', 50.0, 25.0, 1.0, 1522082098.938377
'gnfuv-temp-exp1-55d487b85b-xcl97', 50.0, 25.0, 1.0, 1522082103.739685
'gnfuv-temp-exp1-55d487b85b-xcl97', 50.0, 25.0, 1.0, 1522082109.364708
'gnfuv-temp-exp1-55d487b85b-xcl97', 50.0, 25.0, 1.0, 1522082117.254492
'gnfuv-temp-exp1-55d487b85b-xcl97', 50.0, 25.0, 1.0, 1522082122.103562
'gnfuv-temp-exp1-55d487b85b-xcl97', 50.0, 25.0, 1.0, 1522082137.867258
'gnfuv-temp-exp1-55d487b85b-xcl97', 49.0, 25.0, 1.0, 1522082145.216968
'gnfuv-temp-exp1-55d487b85b-xcl97', 50.0, 25.0, 1.0, 1522082150.015048
'gnfuv-temp-exp1-55d487b85b-xcl97', 49.0, 25.0, 1.0, 1522082154.800273
'gnfuv-temp-exp1-55d487b85b-xcl97', 49.0, 25.0, 1.0, 1522082159.560093
'gnfuv-temp-exp1-55d487b85b-xcl97', 49.0, 25.0, 1.0, 1522082164.351875
'gnfuv-temp-exp1-55d487b85b-xcl97', 49.0, 25.0, 1.0, 1522082169.805545
'gnfuv-temp-exp1-55d487b85b-xcl97', 49.0, 25.0, 1.0, 1522082181.131473
'gnfuv-temp-exp1-55d487b85b-xcl97', 49.0, 25.0, 1.0, 1522082190.743331
'gnfuv-temp-exp1-55d487b85b-xcl97', 49.0, 25.0, 1.0, 1522082201.559473
'gnfuv-temp-exp1-55d487b85b-xcl97', 50.0, 26.0, 1.0, 1522082214.132266
'gnfuv-temp-exp1-55d487b85b-xcl97', 49.0, 25.0, 1.0, 1522082219.806375
'gnfuv-temp-exp1-55d487b85b-xcl97', 49.0, 25.0, 1.0, 1522082225.50132
'gnfuv-temp-exp1-55d487b85b-xcl97', 49.0, 25.0, 1.0, 1522082231.291679
'gnfuv-temp-exp1-55d487b85b-xcl97', 49.0, 25.0, 1.0, 1522082238.853186
'gnfuv-temp-exp1-55d487b85b-xcl97', 49.0, 25.0, 1.0, 1522082250.167194
'gnfuv-temp-exp1-55d487b85b-xcl97', 50.0, 26.0, 1.0, 1522082255.65656
'gnfuv-temp-exp1-55d487b85b-xcl97', 49.0, 25.0, 1.0, 1522082265.440654
'gnfuv-temp-exp1-55d487b85b-xcl97', 50.0, 26.0, 1.0, 1522082272.785221
'gnfuv-temp-exp1-55d487b85b-xcl97', 48.0, 25.0, 1.0, 1522082277.570397
'gnfuv-temp-exp1-55d487b85b-xcl97', 49.0, 26.0, 1.0, 1522082282.367959
'gnfuv-temp-exp1-55d487b85b-xcl97', 49.0, 26.0, 1.0, 1522082287.589319
'gnfuv-temp-exp1-55d487b85b-xcl97', 49.0, 26.0, 1.0, 1522082294.857908
'gnfuv-temp-exp1-55d487b85b-xcl97', 49.0, 26.0, 1.0, 1522082299.595642
'gnfuv-temp-exp1-55d487b85b-xcl97', 49.0, 26.0, 1.0, 1522082306.883307
'gnfuv-temp-exp1-55d487b85b-xcl97', 49.0, 26.0, 1.0, 1522082314.1529
'gnfuv-temp-exp1-55d487b85b-xcl97', 49.0, 26.0, 1.0, 1522082318.918496
'gnfuv-temp-exp1-55d487b85b-xcl97', 49.0, 26.0, 1.0, 1522082326.191647
'gnfuv-temp-exp1-55d487b85b-xcl97', 49.0, 26.0, 1.0, 1522082330.927927
'gnfuv-temp-exp1-55d487b85b-xcl97', 49.0, 26.0, 1.0, 1522082335.634579
'gnfuv-temp-exp1-55d487b85b-xcl97', 49.0, 26.0, 1.0, 1522082340.397271
'gnfuv-temp-exp1-55d487b85b-xcl97', 49.0, 26.0, 1.0, 1522082345.122298
'gnfuv-temp-exp1-55d487b85b-xcl97', 49.0, 26.0, 1.0, 1522082349.853409
'gnfuv-temp-exp1-55d487b85b-xcl97', 48.0, 26.0, 1.0, 1522082354.621487
'gnfuv-temp-exp1-55d487b85b-xcl97', 48.0, 26.0, 1.0, 1522082359.512112
'gnfuv-temp-exp1-55d487b85b-xcl97', 48.0, 26.0, 1.0, 1522082372.029791
'gnfuv-temp-exp1-55d487b85b-xcl97', 48.0, 26.0, 1.0, 1522082379.264079
'gnfuv-temp-exp1-55d487b85b-xcl97', 48.0, 26.0, 1.0, 1522082388.995376
'gnfuv-temp-exp1-55d487b85b-xcl97', 48.0, 26.0, 1.0, 1522082398.310536
'gnfuv-temp-exp1-55d487b85b-xcl97', 48.0, 26.0, 1.0, 1522082403.113268
'gnfuv-temp-exp1-55d487b85b-xcl97', 48.0, 27.0, 1.0, 1522082415.86824
'gnfuv-temp-exp1-55d487b85b-xcl97', 48.0, 27.0, 1.0, 1522082424.716409
'gnfuv-temp-exp1-55d487b85b-xcl97', 48.0, 27.0, 1.0, 1522082429.976353
'gnfuv-temp-exp1-55d487b85b-xcl97', 48.0, 27.0, 1.0, 1522082434.785737
'gnfuv-temp-exp1-55d487b85b-xcl97', 47.0, 27.0, 1.0, 1522082439.544217
'gnfuv-temp-exp1-55d487b85b-xcl97', 47.0, 27.0, 1.0, 1522082444.532344
'gnfuv-temp-exp1-55d487b85b-xcl97', 47.0, 27.0, 1.0, 1522082449.301683
'gnfuv-temp-exp1-55d487b85b-xcl97', 47.0, 27.0, 1.0, 1522082454.085864
'gnfuv-temp-exp1-55d487b85b-xcl97', 47.0, 27.0, 1.0, 1522082458.832197
'gnfuv-temp-exp1-55d487b85b-xcl97', 47.0, 27.0, 1.0, 1522082463.576745
'gnfuv-temp-exp1-55d487b85b-xcl97', 47.0, 27.0, 1.0, 1522082473.389365
'gnfuv-temp-exp1-55d487b85b-xcl97', 47.0, 27.0, 1.0, 1522082478.204725
'gnfuv-temp-exp1-55d487b85b-xcl97', 47.0, 27.0, 1.0, 1522082483.057375
'gnfuv-temp-exp1-55d487b85b-xcl97', 47.0, 27.0, 1.0, 1522082490.351098
'gnfuv-temp-exp1-55d487b85b-xcl97', 46.0, 27.0, 1.0, 1522082500.159585
'gnfuv-temp-exp1-55d487b85b-xcl97', 46.0, 27.0, 1.0, 1522082504.967369
'gnfuv-temp-exp1-55d487b85b-xcl97', 46.0, 27.0, 1.0, 1522082509.693532
'gnfuv-temp-exp1-55d487b85b-xcl97', 46.0, 27.0, 1.0, 1522082522.026339
'gnfuv-temp-exp1-55d487b85b-xcl97', 46.0, 27.0, 1.0, 1522082526.737892
'gnfuv-temp-exp1-55d487b85b-xcl97', 46.0, 27.0, 1.0, 1522082531.503498
'gnfuv-temp-exp1-55d487b85b-xcl97', 47.0, 28.0, 1.0, 1522082538.770743
'gnfuv-temp-exp1-55d487b85b-xcl97', 47.0, 28.0, 1.0, 1522082543.559661
'gnfuv-temp-exp1-55d487b85b-xcl97', 47.0, 28.0, 1.0, 1522082548.296425
'gnfuv-temp-exp1-55d487b85b-xcl97', 46.0, 28.0, 1.0, 1522082553.168474
'gnfuv-temp-exp1-55d487b85b-xcl97', 46.0, 28.0, 1.0, 1522082558.209458
'gnfuv-temp-exp1-55d487b85b-xcl97', 46.0, 28.0, 1.0, 1522082562.994772
'gnfuv-temp-exp1-55d487b85b-xcl97', 46.0, 28.0, 1.0, 1522082576.292282
'gnfuv-temp-exp1-55d487b85b-xcl97', 45.0, 27.0, 1.0, 1522082581.067324
'gnfuv-temp-exp1-55d487b85b-xcl97', 46.0, 28.0, 1.0, 1522082591.424403
'gnfuv-temp-exp1-55d487b85b-xcl97', 46.0, 28.0, 1.0, 1522082596.203679
'gnfuv-temp-exp1-55d487b85b-xcl97', 46.0, 28.0, 1.0, 1522082600.933693
'gnfuv-temp-exp1-55d487b85b-xcl97', 46.0, 28.0, 1.0, 1522082605.675216
'gnfuv-temp-exp1-55d487b85b-xcl97', 46.0, 28.0, 1.0, 1522082612.945696
'gnfuv-temp-exp1-55d487b85b-xcl97', 46.0, 28.0, 1.0, 1522082617.703671
'gnfuv-temp-exp1-55d487b85b-xcl97', 46.0, 28.0, 1.0, 1522082622.443635
'gnfuv-temp-exp1-55d487b85b-xcl97', 46.0, 28.0, 1.0, 1522082627.210132
'gnfuv-temp-exp1-55d487b85b-xcl97', 45.0, 28.0, 1.0, 1522082631.979442
'gnfuv-temp-exp1-55d487b85b-xcl97', 45.0, 28.0, 1.0, 1522082637.253683
'gnfuv-temp-exp1-55d487b85b-xcl97', 45.0, 28.0, 1.0, 1522082642.080804
'gnfuv-temp-exp1-55d487b85b-xcl97', 45.0, 28.0, 1.0, 1522082647.113544
'gnfuv-temp-exp1-55d487b85b-xcl97', 45.0, 28.0, 1.0, 1522082651.99113
'gnfuv-temp-exp1-55d487b85b-xcl97', 45.0, 28.0, 1.0, 1522082656.732872
'gnfuv-temp-exp1-55d487b85b-xcl97', 45.0, 28.0, 1.0, 1522082661.532014
'gnfuv-temp-exp1-55d487b85b-xcl97', 45.0, 28.0, 1.0, 1522082666.297329
'gnfuv-temp-exp1-55d487b85b-xcl97', 45.0, 28.0, 1.0, 1522082673.558575
'gnfuv-temp-exp1-55d487b85b-xcl97', 45.0, 28.0, 1.0, 1522082683.715867
'gnfuv-temp-exp1-55d487b85b-xcl97', 45.0, 28.0, 1.0, 1522082693.557923
'gnfuv-temp-exp1-55d487b85b-xcl97', 45.0, 28.0, 1.0, 1522082699.127381
'gnfuv-temp-exp1-55d487b85b-xcl97', 45.0, 28.0, 1.0, 1522082704.975805
'gnfuv-temp-exp1-55d487b85b-xcl97', 46.0, 29.0, 1.0, 1522082710.902009
'gnfuv-temp-exp1-55d487b85b-xcl97', 46.0, 29.0, 1.0, 1522082716.71853
'gnfuv-temp-exp1-55d487b85b-xcl97', 45.0, 28.0, 1.0, 1522082722.778984
'gnfuv-temp-exp1-55d487b85b-xcl97', 45.0, 28.0, 1.0, 1522082728.128548
'gnfuv-temp-exp1-55d487b85b-xcl97', 45.0, 28.0, 1.0, 1522082733.322611
'gnfuv-temp-exp1-55d487b85b-xcl97', 45.0, 29.0, 1.0, 1522082739.36249
'gnfuv-temp-exp1-55d487b85b-xcl97', 44.0, 28.0, 1.0, 1522082758.864421
'gnfuv-temp-exp1-55d487b85b-xcl97', 45.0, 29.0, 1.0, 1522082763.649879
'gnfuv-temp-exp1-55d487b85b-xcl97', 45.0, 29.0, 1.0, 1522082770.915762
'gnfuv-temp-exp1-55d487b85b-xcl97', 45.0, 29.0, 1.0, 1522082780.735571
'gnfuv-temp-exp1-55d487b85b-xcl97', 45.0, 29.0, 1.0, 1522082785.468322
'gnfuv-temp-exp1-55d487b85b-xcl97', 45.0, 29.0, 1.0, 1522082790.203536
'gnfuv-temp-exp1-55d487b85b-xcl97', 45.0, 29.0, 1.0, 1522082794.962795
'gnfuv-temp-exp1-55d487b85b-xcl97', 45.0, 29.0, 1.0, 1522082799.809088
'gnfuv-temp-exp1-55d487b85b-xcl97', 45.0, 29.0, 1.0, 1522082809.15671
'gnfuv-temp-exp1-55d487b85b-xcl97', 45.0, 29.0, 1.0, 1522082816.258902
'gnfuv-temp-exp1-55d487b85b-xcl97', 45.0, 29.0, 1.0, 1522082824.669679
'gnfuv-temp-exp1-55d487b85b-xcl97', 45.0, 29.0, 1.0, 1522082838.560035
'gnfuv-temp-exp1-55d487b85b-xcl97', 45.0, 29.0, 1.0, 1522082845.199741
'gnfuv-temp-exp1-55d487b85b-xcl97', 45.0, 29.0, 1.0, 1522082851.838148
'gnfuv-temp-exp1-55d487b85b-xcl97', 45.0, 29.0, 1.0, 1522082858.479401
'gnfuv-temp-exp1-55d487b85b-xcl97', 45.0, 29.0, 1.0, 1522082865.118869
'gnfuv-temp-exp1-55d487b85b-xcl97', 45.0, 29.0, 1.0, 1522082871.75975
'gnfuv-temp-exp1-55d487b85b-xcl97', 45.0, 29.0, 1.0, 1522082876.595796
'gnfuv-temp-exp1-55d487b85b-xcl97', 45.0, 29.0, 1.0, 1522082881.392699
'gnfuv-temp-exp1-55d487b85b-xcl97', 45.0, 29.0, 1.0, 1522082906.138553
'gnfuv-temp-exp1-55d487b85b-xcl97', 44.0, 29.0, 1.0, 1522082911.876374
'gnfuv-temp-exp1-55d487b85b-xcl97', 44.0, 29.0, 1.0, 1522082922.629456
'gnfuv-temp-exp1-55d487b85b-xcl97', 44.0, 29.0, 1.0, 1522082956.212217
'gnfuv-temp-exp1-55d487b85b-xcl97', 44.0, 29.0, 1.0, 1522082970.079191
'gnfuv-temp-exp1-55d487b85b-xcl97', 44.0, 30.0, 1.0, 1522082974.319414
'gnfuv-temp-exp1-55d487b85b-xcl97', 44.0, 30.0, 1.0, 1522082980.959233
'gnfuv-temp-exp1-55d487b85b-xcl97', 44.0, 30.0, 1.0, 1522082987.599252
'gnfuv-temp-exp1-55d487b85b-xcl97', 43.0, 30.0, 1.0, 1522082994.237207
'gnfuv-temp-exp1-55d487b85b-xcl97', 43.0, 30.0, 1.0, 1522083003.407413
'gnfuv-temp-exp1-55d487b85b-xcl97', 43.0, 30.0, 1.0, 1522083010.079468
'gnfuv-temp-exp1-55d487b85b-xcl97', 43.0, 30.0, 1.0, 1522083016.7185
'gnfuv-temp-exp1-55d487b85b-xcl97', 43.0, 30.0, 1.0, 1522083023.356046
'gnfuv-temp-exp1-55d487b85b-xcl97', 43.0, 30.0, 1.0, 1522083029.998637
'gnfuv-temp-exp1-55d487b85b-xcl97', 43.0, 30.0, 1.0, 1522083036.638695
'gnfuv-temp-exp1-55d487b85b-xcl97', 42.0, 30.0, 1.0, 1522083045.817221
'gnfuv-temp-exp1-55d487b85b-xcl97', 42.0, 30.0, 1.0, 1522083052.477252
'gnfuv-temp-exp1-55d487b85b-xcl97', 41.0, 30.0, 1.0, 1522083059.19926
'gnfuv-temp-exp1-55d487b85b-xcl97', 41.0, 30.0, 1.0, 1522083065.839614
'gnfuv-temp-exp1-55d487b85b-xcl97', 42.0, 31.0, 1.0, 1522083072.474494
'gnfuv-temp-exp1-55d487b85b-xcl97', 42.0, 31.0, 1.0, 1522083079.119413
'gnfuv-temp-exp1-55d487b85b-xcl97', 41.0, 31.0, 1.0, 1522083085.758023
'gnfuv-temp-exp1-55d487b85b-xcl97', 40.0, 31.0, 1.0, 1522083094.9271
'gnfuv-temp-exp1-55d487b85b-xcl97', 40.0, 31.0, 1.0, 1522083101.59754
'gnfuv-temp-exp1-55d487b85b-xcl97', 40.0, 31.0, 1.0, 1522083108.238652
'gnfuv-temp-exp1-55d487b85b-xcl97', 40.0, 31.0, 1.0, 1522083114.877998
'gnfuv-temp-exp1-55d487b85b-xcl97', 40.0, 31.0, 1.0, 1522083136.878316
'gnfuv-temp-exp1-55d487b85b-xcl97', 39.0, 31.0, 1.0, 1522083143.519538
'gnfuv-temp-exp1-55d487b85b-xcl97', 39.0, 31.0, 1.0, 1522083177.111764
'gnfuv-temp-exp1-55d487b85b-xcl97', 39.0, 31.0, 1.0, 1522083200.19279
'gnfuv-temp-exp1-55d487b85b-xcl97', 38.0, 31.0, 1.0, 1522083208.763559
'gnfuv-temp-exp1-55d487b85b-xcl97', 38.0, 31.0, 1.0, 1522083218.230537
'gnfuv-temp-exp1-55d487b85b-xcl97', 38.0, 31.0, 1.0, 1522083222.978862
'gnfuv-temp-exp1-55d487b85b-xcl97', 38.0, 31.0, 1.0, 1522083232.012081
'gnfuv-temp-exp1-55d487b85b-xcl97', 38.0, 31.0, 1.0, 1522083236.784014
'gnfuv-temp-exp1-55d487b85b-xcl97', 38.0, 31.0, 1.0, 1522083241.513689
'gnfuv-temp-exp1-55d487b85b-xcl97', 38.0, 31.0, 1.0, 1522083246.32034
'gnfuv-temp-exp1-55d487b85b-xcl97', 38.0, 31.0, 1.0, 1522083267.810762
'gnfuv-temp-exp1-55d487b85b-xcl97', 38.0, 31.0, 1.0, 1522083273.132459
'gnfuv-temp-exp1-55d487b85b-xcl97', 38.0, 31.0, 1.0, 1522083281.278246
'gnfuv-temp-exp1-55d487b85b-xcl97', 38.0, 31.0, 1.0, 1522083288.584749
'gnfuv-temp-exp1-55d487b85b-xcl97', 38.0, 31.0, 1.0, 1522083293.324025
'gnfuv-temp-exp1-55d487b85b-xcl97', 38.0, 31.0, 1.0, 1522083298.117073
'gnfuv-temp-exp1-55d487b85b-xcl97', 38.0, 31.0, 1.0, 1522083302.911414
'gnfuv-temp-exp1-55d487b85b-xcl97', 38.0, 31.0, 1.0, 1522083315.327396
'gnfuv-temp-exp1-55d487b85b-xcl97', 38.0, 31.0, 1.0, 1522083320.417974
'gnfuv-temp-exp1-55d487b85b-xcl97', 38.0, 31.0, 1.0, 1522083327.701166
'gnfuv-temp-exp1-55d487b85b-xcl97', 38.0, 31.0, 1.0, 1522083344.125867
'gnfuv-temp-exp1-55d487b85b-xcl97', 38.0, 31.0, 1.0, 1522083353.336639
'gnfuv-temp-exp1-55d487b85b-xcl97', 38.0, 31.0, 1.0, 1522083362.526036
'gnfuv-temp-exp1-55d487b85b-xcl97', 38.0, 31.0, 1.0, 1522083374.252464
'gnfuv-temp-exp1-55d487b85b-xcl97', 38.0, 31.0, 1.0, 1522083380.879487
'gnfuv-temp-exp1-55d487b85b-xcl97', 38.0, 32.0, 1.0, 1522083390.433756
'gnfuv-temp-exp1-55d487b85b-xcl97', 38.0, 31.0, 1.0, 1522083400.262497
'gnfuv-temp-exp1-55d487b85b-xcl97', 38.0, 31.0, 1.0, 1522083407.546563
'gnfuv-temp-exp1-55d487b85b-xcl97', 38.0, 31.0, 1.0, 1522083412.867341
'gnfuv-temp-exp1-55d487b85b-xcl97', 38.0, 31.0, 1.0, 1522083420.175717
'gnfuv-temp-exp1-55d487b85b-xcl97', 37.0, 31.0, 1.0, 1522083432.726901
'gnfuv-temp-exp1-55d487b85b-xcl97', 37.0, 32.0, 1.0, 1522083440.147083
'gnfuv-temp-exp1-55d487b85b-xcl97', 37.0, 32.0, 1.0, 1522083446.10473
'gnfuv-temp-exp1-55d487b85b-xcl97', 37.0, 32.0, 1.0, 1522083450.833549
'gnfuv-temp-exp1-55d487b85b-xcl97', 37.0, 32.0, 1.0, 1522083458.185522
'gnfuv-temp-exp1-55d487b85b-xcl97', 37.0, 32.0, 1.0, 1522083463.01105
'gnfuv-temp-exp1-55d487b85b-xcl97', 37.0, 32.0, 1.0, 1522083470.289676
'gnfuv-temp-exp1-55d487b85b-xcl97', 37.0, 32.0, 1.0, 1522083480.07725
'gnfuv-temp-exp1-55d487b85b-xcl97', 37.0, 32.0, 1.0, 1522083484.93763
'gnfuv-temp-exp1-55d487b85b-xcl97', 37.0, 32.0, 1.0, 1522083490.427793
'gnfuv-temp-exp1-55d487b85b-xcl97', 37.0, 32.0, 1.0, 1522083501.047515
'gnfuv-temp-exp1-55d487b85b-xcl97', 37.0, 32.0, 1.0, 1522083512.108406
'gnfuv-temp-exp1-55d487b85b-xcl97', 37.0, 32.0, 1.0, 1522083525.442212
'gnfuv-temp-exp1-55d487b85b-xcl97', 36.0, 32.0, 1.0, 1522083535.199481
'gnfuv-temp-exp1-55d487b85b-xcl97', 36.0, 32.0, 1.0, 1522083541.838354
'gnfuv-temp-exp1-55d487b85b-xcl97', 36.0, 32.0, 1.0, 1522083547.03948
'gnfuv-temp-exp1-55d487b85b-xcl97', 36.0, 32.0, 1.0, 1522083552.247839
'gnfuv-temp-exp1-55d487b85b-xcl97', 36.0, 32.0, 1.0, 1522083559.570691
'gnfuv-temp-exp1-55d487b85b-xcl97', 36.0, 32.0, 1.0, 1522083565.81266
'gnfuv-temp-exp1-55d487b85b-xcl97', 36.0, 32.0, 1.0, 1522083570.61687
'gnfuv-temp-exp1-55d487b85b-xcl97', 36.0, 32.0, 1.0, 1522083587.969572
'gnfuv-temp-exp1-55d487b85b-xcl97', 36.0, 32.0, 1.0, 1522083595.767385
'gnfuv-temp-exp1-55d487b85b-xcl97', 37.0, 33.0, 1.0, 1522083605.536713
'gnfuv-temp-exp1-55d487b85b-xcl97', 36.0, 33.0, 1.0, 1522083614.04027
'gnfuv-temp-exp1-55d487b85b-xcl97', 35.0, 32.0, 1.0, 1522083625.920989
'gnfuv-temp-exp1-55d487b85b-xcl97', 36.0, 33.0, 1.0, 1522083635.305912
'gnfuv-temp-exp1-55d487b85b-xcl97', 35.0, 32.0, 1.0, 1522083647.006305
'gnfuv-temp-exp1-55d487b85b-xcl97', 36.0, 33.0, 1.0, 1522083660.877744
'gnfuv-temp-exp1-55d487b85b-xcl97', 35.0, 33.0, 1.0, 1522083670.044678
'gnfuv-temp-exp1-55d487b85b-xcl97', 35.0, 33.0, 1.0, 1522083679.245631
'gnfuv-temp-exp1-55d487b85b-xcl97', 35.0, 33.0, 1.0, 1522083688.098553
'gnfuv-temp-exp1-55d487b85b-xcl97', 35.0, 33.0, 1.0, 1522083694.924429
'gnfuv-temp-exp1-55d487b85b-xcl97', 35.0, 33.0, 1.0, 1522083701.165009
'gnfuv-temp-exp1-55d487b85b-xcl97', 34.0, 33.0, 1.0, 1522083709.928606
'gnfuv-temp-exp1-55d487b85b-xcl97', 34.0, 33.0, 1.0, 1522083716.765826
'gnfuv-temp-exp1-55d487b85b-xcl97', 34.0, 34.0, 1.0, 1522083723.003966
'gnfuv-temp-exp1-55d487b85b-xcl97', 33.0, 34.0, 1.0, 1522083729.245462
'gnfuv-temp-exp1-55d487b85b-xcl97', 34.0, 34.0, 1.0, 1522083735.485051
'gnfuv-temp-exp1-55d487b85b-xcl97', 34.0, 34.0, 1.0, 1522083744.251635
'gnfuv-temp-exp1-55d487b85b-xcl97', 34.0, 34.0, 1.0, 1522083751.083189
'gnfuv-temp-exp1-55d487b85b-xcl97', 33.0, 34.0, 1.0, 1522083757.324432
'gnfuv-temp-exp1-55d487b85b-xcl97', 33.0, 34.0, 1.0, 1522083766.091093
'gnfuv-temp-exp1-55d487b85b-xcl97', 33.0, 34.0, 1.0, 1522083770.399226
'gnfuv-temp-exp1-55d487b85b-xcl97', 33.0, 34.0, 1.0, 1522083776.637549
'gnfuv-temp-exp1-55d487b85b-xcl97', 33.0, 34.0, 1.0, 1522083781.200568
'gnfuv-temp-exp1-55d487b85b-xcl97', 32.0, 34.0, 1.0, 1522083790.810252
'gnfuv-temp-exp1-55d487b85b-xcl97', 32.0, 34.0, 1.0, 1522083797.492235
'gnfuv-temp-exp1-55d487b85b-xcl97', 32.0, 34.0, 1.0, 1522083804.017568
'gnfuv-temp-exp1-55d487b85b-xcl97', 32.0, 34.0, 1.0, 1522083833.741691
'gnfuv-temp-exp1-55d487b85b-xcl97', 32.0, 34.0, 1.0, 1522083840.238262
'gnfuv-temp-exp1-55d487b85b-xcl97', 32.0, 34.0, 1.0, 1522083846.478304
'gnfuv-temp-exp1-55d487b85b-xcl97', 32.0, 34.0, 1.0, 1522083851.038823
'gnfuv-temp-exp1-55d487b85b-xcl97', 32.0, 34.0, 1.0, 1522083859.466817
'gnfuv-temp-exp1-55d487b85b-xcl97', 32.0, 34.0, 1.0, 1522083871.23169
'gnfuv-temp-exp1-55d487b85b-xcl97', 32.0, 34.0, 1.0, 1522083879.495585
'gnfuv-temp-exp1-55d487b85b-xcl97', 32.0, 34.0, 1.0, 1522083885.287782
'gnfuv-temp-exp1-55d487b85b-xcl97', 32.0, 35.0, 1.0, 1522083895.598846
'gnfuv-temp-exp1-55d487b85b-xcl97', 32.0, 34.0, 1.0, 1522083902.007244
'gnfuv-temp-exp1-55d487b85b-xcl97', 32.0, 34.0, 1.0, 1522083908.27186
'gnfuv-temp-exp1-55d487b85b-xcl97', 32.0, 34.0, 1.0, 1522083913.212686
'gnfuv-temp-exp1-55d487b85b-xcl97', 32.0, 34.0, 1.0, 1522083918.040791
'gnfuv-temp-exp1-55d487b85b-xcl97', 32.0, 34.0, 1.0, 1522083924.032082
'gnfuv-temp-exp1-55d487b85b-xcl97', 32.0, 35.0, 1.0, 1522083929.920372
'gnfuv-temp-exp1-55d487b85b-xcl97', 32.0, 34.0, 1.0, 1522083946.143774
'gnfuv-temp-exp1-55d487b85b-xcl97', 32.0, 34.0, 1.0, 1522083979.715397
'gnfuv-temp-exp1-55d487b85b-xcl97', 32.0, 34.0, 1.0, 1522084013.301777
'gnfuv-temp-exp1-55d487b85b-xcl97', 32.0, 34.0, 1.0, 1522084019.998792
'gnfuv-temp-exp1-55d487b85b-xcl97', 32.0, 34.0, 1.0, 1522084026.636672
'gnfuv-temp-exp1-55d487b85b-xcl97', 32.0, 35.0, 1.0, 1522084033.277837
'gnfuv-temp-exp1-55d487b85b-xcl97', 32.0, 34.0, 1.0, 1522084039.919162
'gnfuv-temp-exp1-55d487b85b-xcl97', 32.0, 35.0, 1.0, 1522084046.558306
'gnfuv-temp-exp1-55d487b85b-xcl97', 31.0, 35.0, 1.0, 1522084058.25502
'gnfuv-temp-exp1-55d487b85b-xcl97', 32.0, 35.0, 1.0, 1522084062.397898
'gnfuv-temp-exp1-55d487b85b-xcl97', 31.0, 35.0, 1.0, 1522084071.56745
'gnfuv-temp-exp1-55d487b85b-xcl97', 32.0, 35.0, 1.0, 1522084078.206766
'gnfuv-temp-exp1-55d487b85b-xcl97', 32.0, 35.0, 1.0, 1522084084.879183
'gnfuv-temp-exp1-55d487b85b-xcl97', 31.0, 35.0, 1.0, 1522084091.518447
'gnfuv-temp-exp1-55d487b85b-xcl97', 31.0, 35.0, 1.0, 1522084100.683723
'gnfuv-temp-exp1-55d487b85b-xcl97', 31.0, 35.0, 1.0, 1522084107.359445
'gnfuv-temp-exp1-55d487b85b-xcl97', 31.0, 35.0, 1.0, 1522084113.999484
'gnfuv-temp-exp1-55d487b85b-xcl97', 30.0, 35.0, 1.0, 1522084123.16625
'gnfuv-temp-exp1-55d487b85b-xcl97', 31.0, 35.0, 1.0, 1522084129.838609
'gnfuv-temp-exp1-55d487b85b-xcl97', 31.0, 35.0, 1.0, 1522084136.477413
'gnfuv-temp-exp1-55d487b85b-xcl97', 31.0, 35.0, 1.0, 1522084143.117467
'gnfuv-temp-exp1-55d487b85b-xcl97', 30.0, 35.0, 1.0, 1522084149.758015
'gnfuv-temp-exp1-55d487b85b-xcl97', 30.0, 35.0, 1.0, 1522084158.926374
'gnfuv-temp-exp1-55d487b85b-xcl97', 30.0, 35.0, 1.0, 1522084165.599483
'gnfuv-temp-exp1-55d487b85b-xcl97', 30.0, 35.0, 1.0, 1522084172.238047
'gnfuv-temp-exp1-55d487b85b-xcl97', 30.0, 35.0, 1.0, 1522084178.87951
'gnfuv-temp-exp1-55d487b85b-xcl97', 30.0, 35.0, 1.0, 1522084185.519443
'gnfuv-temp-exp1-55d487b85b-xcl97', 30.0, 35.0, 1.0, 1522084192.15637
'gnfuv-temp-exp1-55d487b85b-xcl97', 30.0, 35.0, 1.0, 1522084201.336353
'gnfuv-temp-exp1-55d487b85b-xcl97', 30.0, 36.0, 1.0, 1522084207.99902
'gnfuv-temp-exp1-55d487b85b-xcl97', 30.0, 36.0, 1.0, 1522084219.696524
'gnfuv-temp-exp1-55d487b85b-xcl97', 30.0, 36.0, 1.0, 1522084223.838496
'gnfuv-temp-exp1-55d487b85b-xcl97', 30.0, 36.0, 1.0, 1522084233.005975
'gnfuv-temp-exp1-55d487b85b-xcl97', 30.0, 36.0, 1.0, 1522084239.678327
'gnfuv-temp-exp1-55d487b85b-xcl97', 30.0, 36.0, 1.0, 1522084246.319217
'gnfuv-temp-exp1-55d487b85b-xcl97', 30.0, 36.0, 1.0, 1522084252.958137
'gnfuv-temp-exp1-55d487b85b-xcl97', 30.0, 36.0, 1.0, 1522084264.652312
'gnfuv-temp-exp1-55d487b85b-xcl97', 30.0, 36.0, 1.0, 1522084268.798068
'gnfuv-temp-exp1-55d487b85b-xcl97', 29.0, 36.0, 1.0, 1522084277.966134
'gnfuv-temp-exp1-55d487b85b-xcl97', 29.0, 36.0, 1.0, 1522084284.639299
'gnfuv-temp-exp1-55d487b85b-xcl97', 29.0, 36.0, 1.0, 1522084291.278348
'gnfuv-temp-exp1-55d487b85b-xcl97', 29.0, 36.0, 1.0, 1522084297.918034
'gnfuv-temp-exp1-55d487b85b-xcl97', 29.0, 36.0, 1.0, 1522084312.145059
'gnfuv-temp-exp1-55d487b85b-xcl97', 29.0, 36.0, 1.0, 1522084318.848236
'gnfuv-temp-exp1-55d487b85b-xcl97', 29.0, 36.0, 1.0, 1522084328.045897
'gnfuv-temp-exp1-55d487b85b-xcl97', 29.0, 36.0, 1.0, 1522084334.71858
'gnfuv-temp-exp1-55d487b85b-xcl97', 28.0, 36.0, 1.0, 1522084341.358427
'gnfuv-temp-exp1-55d487b85b-xcl97', 28.0, 36.0, 1.0, 1522084350.527134
'gnfuv-temp-exp1-55d487b85b-xcl97', 28.0, 36.0, 1.0, 1522084357.19833
'gnfuv-temp-exp1-55d487b85b-xcl97', 28.0, 36.0, 1.0, 1522084363.838258
'gnfuv-temp-exp1-55d487b85b-xcl97', 28.0, 37.0, 1.0, 1522084370.477085
'gnfuv-temp-exp1-55d487b85b-xcl97', 28.0, 37.0, 1.0, 1522084377.118381
'gnfuv-temp-exp1-55d487b85b-xcl97', 28.0, 37.0, 1.0, 1522084383.357868
'gnfuv-temp-exp1-55d487b85b-xcl97', 28.0, 37.0, 1.0, 1522084389.597881
'gnfuv-temp-exp1-55d487b85b-xcl97', 28.0, 37.0, 1.0, 1522084395.837889
'gnfuv-temp-exp1-55d487b85b-xcl97', 28.0, 37.0, 1.0, 1522084407.126891
'gnfuv-temp-exp1-55d487b85b-xcl97', 27.0, 37.0, 1.0, 1522084410.718419
'gnfuv-temp-exp1-55d487b85b-xcl97', 27.0, 37.0, 1.0, 1522084427.47755
'gnfuv-temp-exp1-55d487b85b-xcl97', 27.0, 37.0, 1.0, 1522084436.281968
'gnfuv-temp-exp1-55d487b85b-xcl97', 27.0, 37.0, 1.0, 1522084442.959139
'gnfuv-temp-exp1-55d487b85b-xcl97', 27.0, 37.0, 1.0, 1522084452.126995
'gnfuv-temp-exp1-55d487b85b-xcl97', 27.0, 37.0, 1.0, 1522084461.327103
'gnfuv-temp-exp1-55d487b85b-xcl97', 27.0, 37.0, 1.0, 1522084470.527097
'gnfuv-temp-exp1-55d487b85b-xcl97', 26.0, 37.0, 1.0, 1522084477.198219
'gnfuv-temp-exp1-55d487b85b-xcl97', 26.0, 37.0, 1.0, 1522084488.897498
'gnfuv-temp-exp1-55d487b85b-xcl97', 26.0, 37.0, 1.0, 1522084496.125775
'gnfuv-temp-exp1-55d487b85b-xcl97', 26.0, 37.0, 1.0, 1522084510.345588
'gnfuv-temp-exp1-55d487b85b-xcl97', 27.0, 38.0, 1.0, 1522084519.530736
'gnfuv-temp-exp1-55d487b85b-xcl97', 26.0, 37.0, 1.0, 1522084526.202947
'gnfuv-temp-exp1-55d487b85b-xcl97', 27.0, 38.0, 1.0, 1522084529.759292
'gnfuv-temp-exp1-55d487b85b-xcl97', 27.0, 38.0, 1.0, 1522084536.397212
'gnfuv-temp-exp1-55d487b85b-xcl97', 27.0, 38.0, 1.0, 1522084545.566007
'gnfuv-temp-exp1-55d487b85b-xcl97', 26.0, 38.0, 1.0, 1522084552.238035
'gnfuv-temp-exp1-55d487b85b-xcl97', 26.0, 38.0, 1.0, 1522084561.407101
'gnfuv-temp-exp1-55d487b85b-xcl97', 26.0, 38.0, 1.0, 1522084570.605429
'gnfuv-temp-exp1-55d487b85b-xcl97', 26.0, 38.0, 1.0, 1522084579.80707
'gnfuv-temp-exp1-55d487b85b-xcl97', 26.0, 38.0, 1.0, 1522084586.479513
'gnfuv-temp-exp1-55d487b85b-xcl97', 26.0, 38.0, 1.0, 1522084593.118078
'gnfuv-temp-exp1-55d487b85b-xcl97', 26.0, 38.0, 1.0, 1522084599.759323
'gnfuv-temp-exp1-55d487b85b-xcl97', 26.0, 38.0, 1.0, 1522084608.926093
'gnfuv-temp-exp1-55d487b85b-xcl97', 26.0, 38.0, 1.0, 1522084615.598984
'gnfuv-temp-exp1-55d487b85b-xcl97', 25.0, 38.0, 1.0, 1522084624.763164
'gnfuv-temp-exp1-55d487b85b-xcl97', 25.0, 38.0, 1.0, 1522084631.43982
'gnfuv-temp-exp1-55d487b85b-xcl97', 25.0, 38.0, 1.0, 1522084638.079193
'gnfuv-temp-exp1-55d487b85b-xcl97', 25.0, 38.0, 1.0, 1522084644.71722
'gnfuv-temp-exp1-55d487b85b-xcl97', 25.0, 38.0, 1.0, 1522084653.885329
'gnfuv-temp-exp1-55d487b85b-xcl97', 25.0, 38.0, 1.0, 1522084660.559432
'gnfuv-temp-exp1-55d487b85b-xcl97', 25.0, 38.0, 1.0, 1522084667.197383
'gnfuv-temp-exp1-55d487b85b-xcl97', 25.0, 38.0, 1.0, 1522084673.838112
'gnfuv-temp-exp1-55d487b85b-xcl97', 25.0, 38.0, 1.0, 1522084685.534023
'gnfuv-temp-exp1-55d487b85b-xcl97', 24.0, 38.0, 1.0, 1522084694.764284
'gnfuv-temp-exp1-55d487b85b-xcl97', 24.0, 38.0, 1.0, 1522084701.438124
'gnfuv-temp-exp1-55d487b85b-xcl97', 24.0, 38.0, 1.0, 1522084708.078361
'gnfuv-temp-exp1-55d487b85b-xcl97', 25.0, 39.0, 1.0, 1522084714.717063
'gnfuv-temp-exp1-55d487b85b-xcl97', 25.0, 39.0, 1.0, 1522084720.959205
'gnfuv-temp-exp1-55d487b85b-xcl97', 25.0, 39.0, 1.0, 1522084729.724756
'gnfuv-temp-exp1-55d487b85b-xcl97', 25.0, 39.0, 1.0, 1522084738.924966
'gnfuv-temp-exp1-55d487b85b-xcl97', 25.0, 39.0, 1.0, 1522084745.599174
'gnfuv-temp-exp1-55d487b85b-xcl97', 25.0, 39.0, 1.0, 1522084752.239282
'gnfuv-temp-exp1-55d487b85b-xcl97', 25.0, 39.0, 1.0, 1522084758.878498
'gnfuv-temp-exp1-55d487b85b-xcl97', 25.0, 39.0, 1.0, 1522084777.214349
'gnfuv-temp-exp1-55d487b85b-xcl97', 25.0, 39.0, 1.0, 1522084784.446566
'gnfuv-temp-exp1-55d487b85b-xcl97', 25.0, 39.0, 1.0, 1522084787.99902
'gnfuv-temp-exp1-55d487b85b-xcl97', 25.0, 39.0, 1.0, 1522084794.636451
'gnfuv-temp-exp1-55d487b85b-xcl97', 25.0, 39.0, 1.0, 1522084806.335001
'gnfuv-temp-exp1-55d487b85b-xcl97', 24.0, 39.0, 1.0, 1522084815.53459
'gnfuv-temp-exp1-55d487b85b-xcl97', 24.0, 39.0, 1.0, 1522084820.238157
'gnfuv-temp-exp1-55d487b85b-xcl97', 24.0, 39.0, 1.0, 1522084826.878115
'gnfuv-temp-exp1-55d487b85b-xcl97', 24.0, 39.0, 1.0, 1522084833.118386
'gnfuv-temp-exp1-55d487b85b-xcl97', 24.0, 39.0, 1.0, 1522084839.359288
'gnfuv-temp-exp1-55d487b85b-xcl97', 24.0, 39.0, 1.0, 1522084845.598031
'gnfuv-temp-exp1-55d487b85b-xcl97', 24.0, 39.0, 1.0, 1522084851.837826
'gnfuv-temp-exp1-55d487b85b-xcl97', 24.0, 39.0, 1.0, 1522084860.606595
'gnfuv-temp-exp1-55d487b85b-xcl97', 24.0, 39.0, 1.0, 1522084866.846567
'gnfuv-temp-exp1-55d487b85b-xcl97', 24.0, 39.0, 1.0, 1522084872.926523
'gnfuv-temp-exp1-55d487b85b-xcl97', 24.0, 39.0, 1.0, 1522084879.599502
'gnfuv-temp-exp1-55d487b85b-xcl97', 24.0, 39.0, 1.0, 1522084888.766989
'gnfuv-temp-exp1-55d487b85b-xcl97', 24.0, 39.0, 1.0, 1522084895.437255
'gnfuv-temp-exp1-55d487b85b-xcl97', 24.0, 39.0, 1.0, 1522084902.079318
'gnfuv-temp-exp1-55d487b85b-xcl97', 23.0, 38.0, 1.0, 1522084911.245865
'gnfuv-temp-exp1-55d487b85b-xcl97', 23.0, 38.0, 1.0, 1522084920.444953
'gnfuv-temp-exp1-55d487b85b-xcl97', 23.0, 38.0, 1.0, 1522084929.647618
'gnfuv-temp-exp1-55d487b85b-xcl97', 23.0, 38.0, 1.0, 1522084933.758638
'gnfuv-temp-exp1-55d487b85b-xcl97', 23.0, 38.0, 1.0, 1522084942.924908
'gnfuv-temp-exp1-55d487b85b-xcl97', 23.0, 38.0, 1.0, 1522084952.13358
'gnfuv-temp-exp1-55d487b85b-xcl97', 23.0, 38.0, 1.0, 1522084956.238625
'gnfuv-temp-exp1-55d487b85b-xcl97', 23.0, 38.0, 1.0, 1522084962.879667
'gnfuv-temp-exp1-55d487b85b-xcl97', 23.0, 38.0, 1.0, 1522084969.514631
'gnfuv-temp-exp1-55d487b85b-xcl97', 24.0, 38.0, 1.0, 1522084976.157072
'gnfuv-temp-exp1-55d487b85b-xcl97', 24.0, 38.0, 1.0, 1522084982.797977
'gnfuv-temp-exp1-55d487b85b-xcl97', 24.0, 38.0, 1.0, 1522084989.438302
'gnfuv-temp-exp1-55d487b85b-xcl97', 24.0, 38.0, 1.0, 1522085001.135369
'gnfuv-temp-exp1-55d487b85b-xcl97', 24.0, 38.0, 1.0, 1522085007.807351
'gnfuv-temp-exp1-55d487b85b-xcl97', 24.0, 38.0, 1.0, 1522085014.47909
'gnfuv-temp-exp1-55d487b85b-xcl97', 24.0, 38.0, 1.0, 1522085021.12878
'gnfuv-temp-exp1-55d487b85b-xcl97', 24.0, 38.0, 1.0, 1522085030.287294
'gnfuv-temp-exp1-55d487b85b-xcl97', 24.0, 38.0, 1.0, 1522085034.397518
'gnfuv-temp-exp1-55d487b85b-xcl97', 24.0, 37.0, 1.0, 1522085043.566008
'gnfuv-temp-exp1-55d487b85b-xcl97', 24.0, 37.0, 1.0, 1522085050.238323
'gnfuv-temp-exp1-55d487b85b-xcl97', 24.0, 37.0, 1.0, 1522085059.407685
'gnfuv-temp-exp1-55d487b85b-xcl97', 24.0, 37.0, 1.0, 1522085063.51857
'gnfuv-temp-exp1-55d487b85b-xcl97', 24.0, 37.0, 1.0, 1522085070.158385
'gnfuv-temp-exp1-55d487b85b-xcl97', 24.0, 37.0, 1.0, 1522085079.324715
'gnfuv-temp-exp1-55d487b85b-xcl97', 25.0, 37.0, 1.0, 1522085085.9992
'gnfuv-temp-exp1-55d487b85b-xcl97', 25.0, 37.0, 1.0, 1522085092.638134
'gnfuv-temp-exp1-55d487b85b-xcl97', 25.0, 37.0, 1.0, 1522085099.277993
'gnfuv-temp-exp1-55d487b85b-xcl97', 25.0, 37.0, 1.0, 1522085105.917865
'gnfuv-temp-exp1-55d487b85b-xcl97', 25.0, 37.0, 1.0, 1522085112.55842
'gnfuv-temp-exp1-55d487b85b-xcl97', 25.0, 37.0, 1.0, 1522085119.199327
'gnfuv-temp-exp1-55d487b85b-xcl97', 25.0, 37.0, 1.0, 1522085125.838635
'gnfuv-temp-exp1-55d487b85b-xcl97', 26.0, 37.0, 1.0, 1522085132.479348
'gnfuv-temp-exp1-55d487b85b-xcl97', 26.0, 37.0, 1.0, 1522085139.119358
'gnfuv-temp-exp1-55d487b85b-xcl97', 26.0, 36.0, 1.0, 1522085145.757961
'gnfuv-temp-exp1-55d487b85b-xcl97', 26.0, 36.0, 1.0, 1522085157.452288
'gnfuv-temp-exp1-55d487b85b-xcl97', 26.0, 36.0, 1.0, 1522085164.075458
'gnfuv-temp-exp1-55d487b85b-xcl97', 26.0, 36.0, 1.0, 1522085173.245019
'gnfuv-temp-exp1-55d487b85b-xcl97', 26.0, 36.0, 1.0, 1522085179.919303
'gnfuv-temp-exp1-55d487b85b-xcl97', 26.0, 36.0, 1.0, 1522085200.877182
'gnfuv-temp-exp1-55d487b85b-xcl97', 27.0, 36.0, 1.0, 1522085205.997143
'gnfuv-temp-exp1-55d487b85b-xcl97', 27.0, 36.0, 1.0, 1522085212.239691
'gnfuv-temp-exp1-55d487b85b-xcl97', 27.0, 36.0, 1.0, 1522085248.652366
'gnfuv-temp-exp1-55d487b85b-xcl97', 27.0, 36.0, 1.0, 1522085253.449557
'gnfuv-temp-exp1-55d487b85b-xcl97', 27.0, 36.0, 1.0, 1522085262.606018
'gnfuv-temp-exp1-55d487b85b-xcl97', 27.0, 36.0, 1.0, 1522085269.279113
'gnfuv-temp-exp1-55d487b85b-xcl97', 27.0, 36.0, 1.0, 1522085275.917974
'gnfuv-temp-exp1-55d487b85b-xcl97', 27.0, 36.0, 1.0, 1522085282.559406
'gnfuv-temp-exp1-55d487b85b-xcl97', 27.0, 36.0, 1.0, 1522085289.199654
'gnfuv-temp-exp1-55d487b85b-xcl97', 27.0, 36.0, 1.0, 1522085295.838414
'gnfuv-temp-exp1-55d487b85b-xcl97', 27.0, 36.0, 1.0, 1522085302.478015
'gnfuv-temp-exp1-55d487b85b-xcl97', 27.0, 36.0, 1.0, 1522085318.33747
'gnfuv-temp-exp1-55d487b85b-xcl97', 27.0, 36.0, 1.0, 1522085329.357955
'gnfuv-temp-exp1-55d487b85b-xcl97', 28.0, 36.0, 1.0, 1522085341.054579
'gnfuv-temp-exp1-55d487b85b-xcl97', 28.0, 36.0, 1.0, 1522085348.285921
'gnfuv-temp-exp1-55d487b85b-xcl97', 28.0, 36.0, 1.0, 1522085354.923327
'gnfuv-temp-exp1-55d487b85b-xcl97', 28.0, 36.0, 1.0, 1522085361.010935
'gnfuv-temp-exp1-55d487b85b-xcl97', 28.0, 36.0, 1.0, 1522085365.117983
'gnfuv-temp-exp1-55d487b85b-xcl97', 27.0, 36.0, 1.0, 1522085376.057337
'gnfuv-temp-exp1-55d487b85b-xcl97', 27.0, 36.0, 1.0, 1522085393.818848
