'gnfuv-temp-exp1-55d487b85b-5g2xh', 21.0, 40.0, 1.0, 1522084757.406089
'gnfuv-temp-exp1-55d487b85b-5g2xh', 21.0, 40.0, 1.0, 1522084771.261505
'gnfuv-temp-exp1-55d487b85b-5g2xh', 21.0, 40.0, 1.0, 1522084777.501454
'gnfuv-temp-exp1-55d487b85b-5g2xh', 21.0, 40.0, 1.0, 1522084783.741481
'gnfuv-temp-exp1-55d487b85b-5g2xh', 22.0, 40.0, 1.0, 1522084789.996507
'gnfuv-temp-exp1-55d487b85b-5g2xh', 22.0, 40.0, 1.0, 1522084796.221479
'gnfuv-temp-exp1-55d487b85b-5g2xh', 22.0, 39.0, 1.0, 1522084804.990622
'gnfuv-temp-exp1-55d487b85b-5g2xh', 23.0, 39.0, 1.0, 1522084816.283217
'gnfuv-temp-exp1-55d487b85b-5g2xh', 23.0, 39.0, 1.0, 1522084826.243098
'gnfuv-temp-exp1-55d487b85b-5g2xh', 24.0, 38.0, 1.0, 1522084864.116478
'gnfuv-temp-exp1-55d487b85b-5g2xh', 24.0, 38.0, 1.0, 1522084868.782779
'gnfuv-temp-exp1-55d487b85b-5g2xh', 24.0, 38.0, 1.0, 1522084875.422619
'gnfuv-temp-exp1-55d487b85b-5g2xh', 25.0, 38.0, 1.0, 1522084887.121274
'gnfuv-temp-exp1-55d487b85b-5g2xh', 25.0, 38.0, 1.0, 1522084893.793269
'gnfuv-temp-exp1-55d487b85b-5g2xh', 25.0, 38.0, 1.0, 1522084897.982014
'gnfuv-temp-exp1-55d487b85b-5g2xh', 25.0, 38.0, 1.0, 1522084907.149051
'gnfuv-temp-exp1-55d487b85b-5g2xh', 25.0, 38.0, 1.0, 1522084913.822176
'gnfuv-temp-exp1-55d487b85b-5g2xh', 25.0, 38.0, 1.0, 1522084920.459411
'gnfuv-temp-exp1-55d487b85b-5g2xh', 25.0, 38.0, 1.0, 1522084932.158467
'gnfuv-temp-exp1-55d487b85b-5g2xh', 26.0, 38.0, 1.0, 1522084936.859021
'gnfuv-temp-exp1-55d487b85b-5g2xh', 26.0, 38.0, 1.0, 1522084946.028896
'gnfuv-temp-exp1-55d487b85b-5g2xh', 25.0, 37.0, 1.0, 1522084957.753826
'gnfuv-temp-exp1-55d487b85b-5g2xh', 25.0, 37.0, 1.0, 1522084966.509503
'gnfuv-temp-exp1-55d487b85b-5g2xh', 25.0, 37.0, 1.0, 1522084978.236718
'gnfuv-temp-exp1-55d487b85b-5g2xh', 26.0, 37.0, 1.0, 1522084984.888908
'gnfuv-temp-exp1-55d487b85b-5g2xh', 26.0, 37.0, 1.0, 1522084991.103022
'gnfuv-temp-exp1-55d487b85b-5g2xh', 26.0, 37.0, 1.0, 1522084997.341314
'gnfuv-temp-exp1-55d487b85b-5g2xh', 26.0, 37.0, 1.0, 1522085006.108859
'gnfuv-temp-exp1-55d487b85b-5g2xh', 26.0, 37.0, 1.0, 1522085014.873909
'gnfuv-temp-exp1-55d487b85b-5g2xh', 26.0, 37.0, 1.0, 1522085021.501411
'gnfuv-temp-exp1-55d487b85b-5g2xh', 27.0, 37.0, 1.0, 1522085027.74214
'gnfuv-temp-exp1-55d487b85b-5g2xh', 27.0, 37.0, 1.0, 1522085036.510338
'gnfuv-temp-exp1-55d487b85b-5g2xh', 27.0, 37.0, 1.0, 1522085045.277235
'gnfuv-temp-exp1-55d487b85b-5g2xh', 27.0, 37.0, 1.0, 1522085051.903309
'gnfuv-temp-exp1-55d487b85b-5g2xh', 27.0, 36.0, 1.0, 1522085058.143536
'gnfuv-temp-exp1-55d487b85b-5g2xh', 27.0, 36.0, 1.0, 1522085064.381348
'gnfuv-temp-exp1-55d487b85b-5g2xh', 27.0, 36.0, 1.0, 1522085070.620728
'gnfuv-temp-exp1-55d487b85b-5g2xh', 27.0, 36.0, 1.0, 1522085076.863814
'gnfuv-temp-exp1-55d487b85b-5g2xh', 28.0, 36.0, 1.0, 1522085090.683689
'gnfuv-temp-exp1-55d487b85b-5g2xh', 28.0, 36.0, 1.0, 1522085099.836591
'gnfuv-temp-exp1-55d487b85b-5g2xh', 28.0, 36.0, 1.0, 1522085109.036943
'gnfuv-temp-exp1-55d487b85b-5g2xh', 28.0, 36.0, 1.0, 1522085115.709143
'gnfuv-temp-exp1-55d487b85b-5g2xh', 28.0, 36.0, 1.0, 1522085119.262232
'gnfuv-temp-exp1-55d487b85b-5g2xh', 28.0, 36.0, 1.0, 1522085125.913468
'gnfuv-temp-exp1-55d487b85b-5g2xh', 28.0, 36.0, 1.0, 1522085132.542036
'gnfuv-temp-exp1-55d487b85b-5g2xh', 28.0, 36.0, 1.0, 1522085139.181993
'gnfuv-temp-exp1-55d487b85b-5g2xh', 29.0, 36.0, 1.0, 1522085145.823288
'gnfuv-temp-exp1-55d487b85b-5g2xh', 29.0, 36.0, 1.0, 1522085154.987157
'gnfuv-temp-exp1-55d487b85b-5g2xh', 28.0, 35.0, 1.0, 1522085161.659474
'gnfuv-temp-exp1-55d487b85b-5g2xh', 29.0, 36.0, 1.0, 1522085173.352926
'gnfuv-temp-exp1-55d487b85b-5g2xh', 28.0, 35.0, 1.0, 1522085182.50977
'gnfuv-temp-exp1-55d487b85b-5g2xh', 29.0, 35.0, 1.0, 1522085188.748787
'gnfuv-temp-exp1-55d487b85b-5g2xh', 29.0, 35.0, 1.0, 1522085192.30143
'gnfuv-temp-exp1-55d487b85b-5g2xh', 29.0, 35.0, 1.0, 1522085201.47064
'gnfuv-temp-exp1-55d487b85b-5g2xh', 29.0, 35.0, 1.0, 1522085210.640697
'gnfuv-temp-exp1-55d487b85b-5g2xh', 29.0, 35.0, 1.0, 1522085217.310625
'gnfuv-temp-exp1-55d487b85b-5g2xh', 29.0, 35.0, 1.0, 1522085226.5193
'gnfuv-temp-exp1-55d487b85b-5g2xh', 29.0, 35.0, 1.0, 1522085230.623626
'gnfuv-temp-exp1-55d487b85b-5g2xh', 29.0, 35.0, 1.0, 1522085237.26226
'gnfuv-temp-exp1-55d487b85b-5g2xh', 29.0, 35.0, 1.0, 1522085243.903471
'gnfuv-temp-exp1-55d487b85b-5g2xh', 29.0, 35.0, 1.0, 1522085250.539835
'gnfuv-temp-exp1-55d487b85b-5g2xh', 29.0, 35.0, 1.0, 1522085257.182637
'gnfuv-temp-exp1-55d487b85b-5g2xh', 29.0, 35.0, 1.0, 1522085263.821547
'gnfuv-temp-exp1-55d487b85b-5g2xh', 29.0, 35.0, 1.0, 1522085270.462736
'gnfuv-temp-exp1-55d487b85b-5g2xh', 29.0, 35.0, 1.0, 1522085282.163057
'gnfuv-temp-exp1-55d487b85b-5g2xh', 29.0, 35.0, 1.0, 1522085291.91401
'gnfuv-temp-exp1-55d487b85b-5g2xh', 29.0, 35.0, 1.0, 1522085298.029948
'gnfuv-temp-exp1-55d487b85b-5g2xh', 29.0, 35.0, 1.0, 1522085304.703542
'gnfuv-temp-exp1-55d487b85b-5g2xh', 29.0, 35.0, 1.0, 1522085311.343896
'gnfuv-temp-exp1-55d487b85b-5g2xh', 29.0, 35.0, 1.0, 1522085317.982145
'gnfuv-temp-exp1-55d487b85b-5g2xh', 29.0, 35.0, 1.0, 1522085324.621942
'gnfuv-temp-exp1-55d487b85b-5g2xh', 30.0, 35.0, 1.0, 1522085331.261283
'gnfuv-temp-exp1-55d487b85b-5g2xh', 30.0, 35.0, 1.0, 1522085337.9022
'gnfuv-temp-exp1-55d487b85b-5g2xh', 30.0, 35.0, 1.0, 1522085352.12675
'gnfuv-temp-exp1-55d487b85b-5g2xh', 30.0, 35.0, 1.0, 1522085356.863737
'gnfuv-temp-exp1-55d487b85b-5g2xh', 30.0, 35.0, 1.0, 1522085363.503419
'gnfuv-temp-exp1-55d487b85b-5g2xh', 30.0, 35.0, 1.0, 1522085369.74121
'gnfuv-temp-exp1-55d487b85b-5g2xh', 30.0, 35.0, 1.0, 1522085375.982097
'gnfuv-temp-exp1-55d487b85b-5g2xh', 30.0, 35.0, 1.0, 1522085389.801344
'gnfuv-temp-exp1-55d487b85b-5g2xh', 30.0, 35.0, 1.0, 1522085393.340146
'gnfuv-temp-exp1-55d487b85b-5g2xh', 30.0, 35.0, 1.0, 1522085399.980683
'gnfuv-temp-exp1-55d487b85b-5g2xh', 30.0, 35.0, 1.0, 1522085411.677105
'gnfuv-temp-exp1-55d487b85b-5g2xh', 30.0, 35.0, 1.0, 1522085417.903246
'gnfuv-temp-exp1-55d487b85b-5g2xh', 30.0, 35.0, 1.0, 1522085426.666478
'gnfuv-temp-exp1-55d487b85b-5g2xh', 29.0, 35.0, 1.0, 1522085438.394026
'gnfuv-temp-exp1-55d487b85b-5g2xh', 29.0, 35.0, 1.0, 1522085445.629232
'gnfuv-temp-exp1-55d487b85b-5g2xh', 29.0, 35.0, 1.0, 1522085457.316222
'gnfuv-temp-exp1-55d487b85b-5g2xh', 29.0, 35.0, 1.0, 1522085460.862054
'gnfuv-temp-exp1-55d487b85b-5g2xh', 29.0, 35.0, 1.0, 1522085467.501376
'gnfuv-temp-exp1-55d487b85b-5g2xh', 29.0, 35.0, 1.0, 1522085474.139836
'gnfuv-temp-exp1-55d487b85b-5g2xh', 29.0, 35.0, 1.0, 1522085483.31298
'gnfuv-temp-exp1-55d487b85b-5g2xh', 29.0, 35.0, 1.0, 1522085489.95035
'gnfuv-temp-exp1-55d487b85b-5g2xh', 29.0, 35.0, 1.0, 1522085499.152733
'gnfuv-temp-exp1-55d487b85b-5g2xh', 29.0, 35.0, 1.0, 1522085503.263497
'gnfuv-temp-exp1-55d487b85b-5g2xh', 29.0, 35.0, 1.0, 1522085509.903933
'gnfuv-temp-exp1-55d487b85b-5g2xh', 29.0, 35.0, 1.0, 1522085516.542546
'gnfuv-temp-exp1-55d487b85b-5g2xh', 29.0, 35.0, 1.0, 1522085523.181501
'gnfuv-temp-exp1-55d487b85b-5g2xh', 30.0, 36.0, 1.0, 1522085529.818761
'gnfuv-temp-exp1-55d487b85b-5g2xh', 29.0, 36.0, 1.0, 1522085536.461588
'gnfuv-temp-exp1-55d487b85b-5g2xh', 29.0, 36.0, 1.0, 1522085548.157414
'gnfuv-temp-exp1-55d487b85b-5g2xh', 28.0, 36.0, 1.0, 1522085552.862047
'gnfuv-temp-exp1-55d487b85b-5g2xh', 28.0, 36.0, 1.0, 1522085564.553926
'gnfuv-temp-exp1-55d487b85b-5g2xh', 28.0, 36.0, 1.0, 1522085571.179312
'gnfuv-temp-exp1-55d487b85b-5g2xh', 28.0, 36.0, 1.0, 1522085579.950475
'gnfuv-temp-exp1-55d487b85b-5g2xh', 28.0, 36.0, 1.0, 1522085586.190116
'gnfuv-temp-exp1-55d487b85b-5g2xh', 28.0, 36.0, 1.0, 1522085592.269902
'gnfuv-temp-exp1-55d487b85b-5g2xh', 28.0, 36.0, 1.0, 1522085596.381196
'gnfuv-temp-exp1-55d487b85b-5g2xh', 28.0, 36.0, 1.0, 1522085603.022411
'gnfuv-temp-exp1-55d487b85b-5g2xh', 28.0, 36.0, 1.0, 1522085609.661263
'gnfuv-temp-exp1-55d487b85b-5g2xh', 28.0, 36.0, 1.0, 1522085616.301266
'gnfuv-temp-exp1-55d487b85b-5g2xh', 28.0, 36.0, 1.0, 1522085625.470839
'gnfuv-temp-exp1-55d487b85b-5g2xh', 28.0, 36.0, 1.0, 1522085634.63929
'gnfuv-temp-exp1-55d487b85b-5g2xh', 28.0, 36.0, 1.0, 1522085638.781432
'gnfuv-temp-exp1-55d487b85b-5g2xh', 28.0, 36.0, 1.0, 1522085645.42251
'gnfuv-temp-exp1-55d487b85b-5g2xh', 28.0, 36.0, 1.0, 1522085652.063173
'gnfuv-temp-exp1-55d487b85b-5g2xh', 28.0, 36.0, 1.0, 1522085658.702972
'gnfuv-temp-exp1-55d487b85b-5g2xh', 28.0, 36.0, 1.0, 1522085665.34346
'gnfuv-temp-exp1-55d487b85b-5g2xh', 28.0, 36.0, 1.0, 1522085674.510887
'gnfuv-temp-exp1-55d487b85b-5g2xh', 28.0, 36.0, 1.0, 1522085681.183526
'gnfuv-temp-exp1-55d487b85b-5g2xh', 28.0, 36.0, 1.0, 1522085687.822726
'gnfuv-temp-exp1-55d487b85b-5g2xh', 28.0, 36.0, 1.0, 1522085694.461371
'gnfuv-temp-exp1-55d487b85b-5g2xh', 28.0, 36.0, 1.0, 1522085711.210571
'gnfuv-temp-exp1-55d487b85b-5g2xh', 28.0, 36.0, 1.0, 1522085717.902746
'gnfuv-temp-exp1-55d487b85b-5g2xh', 27.0, 36.0, 1.0, 1522085724.142325
'gnfuv-temp-exp1-55d487b85b-5g2xh', 27.0, 36.0, 1.0, 1522085730.382674
'gnfuv-temp-exp1-55d487b85b-5g2xh', 27.0, 37.0, 1.0, 1522085736.622657
'gnfuv-temp-exp1-55d487b85b-5g2xh', 27.0, 37.0, 1.0, 1522085742.861301
'gnfuv-temp-exp1-55d487b85b-5g2xh', 27.0, 37.0, 1.0, 1522085749.102882
'gnfuv-temp-exp1-55d487b85b-5g2xh', 26.0, 37.0, 1.0, 1522085760.396889
'gnfuv-temp-exp1-55d487b85b-5g2xh', 26.0, 37.0, 1.0, 1522085767.101683
'gnfuv-temp-exp1-55d487b85b-5g2xh', 26.0, 38.0, 1.0, 1522085773.742389
'gnfuv-temp-exp1-55d487b85b-5g2xh', 26.0, 38.0, 1.0, 1522085782.910296
'gnfuv-temp-exp1-55d487b85b-5g2xh', 25.0, 38.0, 1.0, 1522085792.109146
'gnfuv-temp-exp1-55d487b85b-5g2xh', 25.0, 38.0, 1.0, 1522085798.782571
'gnfuv-temp-exp1-55d487b85b-5g2xh', 24.0, 38.0, 1.0, 1522085805.421409
'gnfuv-temp-exp1-55d487b85b-5g2xh', 24.0, 38.0, 1.0, 1522085812.063343
'gnfuv-temp-exp1-55d487b85b-5g2xh', 24.0, 39.0, 1.0, 1522085818.702174
'gnfuv-temp-exp1-55d487b85b-5g2xh', 24.0, 39.0, 1.0, 1522085825.341228
'gnfuv-temp-exp1-55d487b85b-5g2xh', 24.0, 39.0, 1.0, 1522085831.982086
'gnfuv-temp-exp1-55d487b85b-5g2xh', 23.0, 39.0, 1.0, 1522085838.621793
'gnfuv-temp-exp1-55d487b85b-5g2xh', 23.0, 39.0, 1.0, 1522085845.261547
'gnfuv-temp-exp1-55d487b85b-5g2xh', 23.0, 39.0, 1.0, 1522085851.902264
'gnfuv-temp-exp1-55d487b85b-5g2xh', 22.0, 39.0, 1.0, 1522085858.541377
'gnfuv-temp-exp1-55d487b85b-5g2xh', 22.0, 40.0, 1.0, 1522085865.191508
'gnfuv-temp-exp1-55d487b85b-5g2xh', 21.0, 40.0, 1.0, 1522085876.877254
'gnfuv-temp-exp1-55d487b85b-5g2xh', 21.0, 40.0, 1.0, 1522085881.02357
'gnfuv-temp-exp1-55d487b85b-5g2xh', 21.0, 40.0, 1.0, 1522085887.662243
'gnfuv-temp-exp1-55d487b85b-5g2xh', 21.0, 40.0, 1.0, 1522085894.303245
'gnfuv-temp-exp1-55d487b85b-5g2xh', 21.0, 40.0, 1.0, 1522085900.941293
'gnfuv-temp-exp1-55d487b85b-5g2xh', 21.0, 40.0, 1.0, 1522085912.641715
'gnfuv-temp-exp1-55d487b85b-5g2xh', 21.0, 40.0, 1.0, 1522085917.341946
'gnfuv-temp-exp1-55d487b85b-5g2xh', 21.0, 40.0, 1.0, 1522085923.983188
'gnfuv-temp-exp1-55d487b85b-5g2xh', 21.0, 40.0, 1.0, 1522085930.22196
'gnfuv-temp-exp1-55d487b85b-5g2xh', 21.0, 40.0, 1.0, 1522085936.462509
'gnfuv-temp-exp1-55d487b85b-5g2xh', 21.0, 40.0, 1.0, 1522085942.704098
'gnfuv-temp-exp1-55d487b85b-5g2xh', 21.0, 40.0, 1.0, 1522085948.942403
'gnfuv-temp-exp1-55d487b85b-5g2xh', 20.0, 40.0, 1.0, 1522085955.182002
'gnfuv-temp-exp1-55d487b85b-5g2xh', 20.0, 40.0, 1.0, 1522085961.423405
'gnfuv-temp-exp1-55d487b85b-5g2xh', 20.0, 40.0, 1.0, 1522085967.661221
'gnfuv-temp-exp1-55d487b85b-5g2xh', 20.0, 40.0, 1.0, 1522085974.299911
'gnfuv-temp-exp1-55d487b85b-5g2xh', 21.0, 41.0, 1.0, 1522085983.069895
'gnfuv-temp-exp1-55d487b85b-5g2xh', 20.0, 41.0, 1.0, 1522085989.741335
'gnfuv-temp-exp1-55d487b85b-5g2xh', 20.0, 41.0, 1.0, 1522085996.380077
'gnfuv-temp-exp1-55d487b85b-5g2xh', 20.0, 41.0, 1.0, 1522086005.554512
'gnfuv-temp-exp1-55d487b85b-5g2xh', 20.0, 41.0, 1.0, 1522086012.190476
'gnfuv-temp-exp1-55d487b85b-5g2xh', 19.0, 41.0, 1.0, 1522086021.390376
'gnfuv-temp-exp1-55d487b85b-5g2xh', 19.0, 41.0, 1.0, 1522086028.062479
'gnfuv-temp-exp1-55d487b85b-5g2xh', 19.0, 41.0, 1.0, 1522086034.703163
'gnfuv-temp-exp1-55d487b85b-5g2xh', 19.0, 41.0, 1.0, 1522086041.342334
'gnfuv-temp-exp1-55d487b85b-5g2xh', 19.0, 41.0, 1.0, 1522086047.982533
'gnfuv-temp-exp1-55d487b85b-5g2xh', 19.0, 41.0, 1.0, 1522086054.621346
'gnfuv-temp-exp1-55d487b85b-5g2xh', 19.0, 41.0, 1.0, 1522086066.321167
'gnfuv-temp-exp1-55d487b85b-5g2xh', 19.0, 41.0, 1.0, 1522086073.022164
'gnfuv-temp-exp1-55d487b85b-5g2xh', 19.0, 41.0, 1.0, 1522086082.189585
'gnfuv-temp-exp1-55d487b85b-5g2xh', 19.0, 41.0, 1.0, 1522086091.392461
'gnfuv-temp-exp1-55d487b85b-5g2xh', 20.0, 41.0, 1.0, 1522086095.503259
'gnfuv-temp-exp1-55d487b85b-5g2xh', 20.0, 41.0, 1.0, 1522086102.143353
'gnfuv-temp-exp1-55d487b85b-5g2xh', 19.0, 40.0, 1.0, 1522086108.781281
'gnfuv-temp-exp1-55d487b85b-5g2xh', 19.0, 40.0, 1.0, 1522086115.421241
'gnfuv-temp-exp1-55d487b85b-5g2xh', 20.0, 40.0, 1.0, 1522086124.589516
'gnfuv-temp-exp1-55d487b85b-5g2xh', 20.0, 40.0, 1.0, 1522086131.271976
'gnfuv-temp-exp1-55d487b85b-5g2xh', 20.0, 40.0, 1.0, 1522086137.902576
'gnfuv-temp-exp1-55d487b85b-5g2xh', 21.0, 40.0, 1.0, 1522086144.5417
'gnfuv-temp-exp1-55d487b85b-5g2xh', 21.0, 40.0, 1.0, 1522086151.182682
'gnfuv-temp-exp1-55d487b85b-5g2xh', 21.0, 40.0, 1.0, 1522086160.349049
'gnfuv-temp-exp1-55d487b85b-5g2xh', 21.0, 40.0, 1.0, 1522086169.117493
'gnfuv-temp-exp1-55d487b85b-5g2xh', 21.0, 40.0, 1.0, 1522086175.7899
'gnfuv-temp-exp1-55d487b85b-5g2xh', 21.0, 40.0, 1.0, 1522086179.342013
'gnfuv-temp-exp1-55d487b85b-5g2xh', 21.0, 40.0, 1.0, 1522086188.509434
'gnfuv-temp-exp1-55d487b85b-5g2xh', 20.0, 40.0, 1.0, 1522086195.182251
'gnfuv-temp-exp1-55d487b85b-5g2xh', 20.0, 40.0, 1.0, 1522086201.821892
'gnfuv-temp-exp1-55d487b85b-5g2xh', 20.0, 40.0, 1.0, 1522086211.004833
'gnfuv-temp-exp1-55d487b85b-5g2xh', 20.0, 40.0, 1.0, 1522086215.106255
'gnfuv-temp-exp1-55d487b85b-5g2xh', 21.0, 41.0, 1.0, 1522086221.7412
'gnfuv-temp-exp1-55d487b85b-5g2xh', 20.0, 41.0, 1.0, 1522086230.909402
'gnfuv-temp-exp1-55d487b85b-5g2xh', 20.0, 41.0, 1.0, 1522086242.634266
'gnfuv-temp-exp1-55d487b85b-5g2xh', 19.0, 41.0, 1.0, 1522086249.26406
'gnfuv-temp-exp1-55d487b85b-5g2xh', 19.0, 41.0, 1.0, 1522086255.900904
'gnfuv-temp-exp1-55d487b85b-5g2xh', 19.0, 41.0, 1.0, 1522086265.070271
'gnfuv-temp-exp1-55d487b85b-5g2xh', 19.0, 41.0, 1.0, 1522086271.741385
'gnfuv-temp-exp1-55d487b85b-5g2xh', 19.0, 41.0, 1.0, 1522086278.38034
'gnfuv-temp-exp1-55d487b85b-5g2xh', 18.0, 42.0, 1.0, 1522086285.022101
'gnfuv-temp-exp1-55d487b85b-5g2xh', 18.0, 42.0, 1.0, 1522086299.240249
'gnfuv-temp-exp1-55d487b85b-5g2xh', 18.0, 42.0, 1.0, 1522086305.468139
'gnfuv-temp-exp1-55d487b85b-5g2xh', 17.0, 42.0, 1.0, 1522086314.078048
'gnfuv-temp-exp1-55d487b85b-5g2xh', 17.0, 42.0, 1.0, 1522086320.750095
'gnfuv-temp-exp1-55d487b85b-5g2xh', 17.0, 42.0, 1.0, 1522086327.391027
'gnfuv-temp-exp1-55d487b85b-5g2xh', 17.0, 42.0, 1.0, 1522086336.589333
'gnfuv-temp-exp1-55d487b85b-5g2xh', 17.0, 42.0, 1.0, 1522086343.261956
'gnfuv-temp-exp1-55d487b85b-5g2xh', 17.0, 42.0, 1.0, 1522086349.901283
'gnfuv-temp-exp1-55d487b85b-5g2xh', 17.0, 42.0, 1.0, 1522086356.541323
'gnfuv-temp-exp1-55d487b85b-5g2xh', 17.0, 42.0, 1.0, 1522086365.711338
'gnfuv-temp-exp1-55d487b85b-5g2xh', 17.0, 42.0, 1.0, 1522086369.821356
'gnfuv-temp-exp1-55d487b85b-5g2xh', 17.0, 42.0, 1.0, 1522086376.461216
'gnfuv-temp-exp1-55d487b85b-5g2xh', 18.0, 42.0, 1.0, 1522086383.102693
'gnfuv-temp-exp1-55d487b85b-5g2xh', 18.0, 42.0, 1.0, 1522086389.741298
'gnfuv-temp-exp1-55d487b85b-5g2xh', 19.0, 41.0, 1.0, 1522086401.440075
'gnfuv-temp-exp1-55d487b85b-5g2xh', 19.0, 41.0, 1.0, 1522086410.638303
'gnfuv-temp-exp1-55d487b85b-5g2xh', 19.0, 41.0, 1.0, 1522086417.316483
'gnfuv-temp-exp1-55d487b85b-5g2xh', 20.0, 41.0, 1.0, 1522086421.422992
'gnfuv-temp-exp1-55d487b85b-5g2xh', 19.0, 40.0, 1.0, 1522086428.06248
'gnfuv-temp-exp1-55d487b85b-5g2xh', 19.0, 40.0, 1.0, 1522086434.702496
'gnfuv-temp-exp1-55d487b85b-5g2xh', 20.0, 40.0, 1.0, 1522086441.342085
'gnfuv-temp-exp1-55d487b85b-5g2xh', 20.0, 40.0, 1.0, 1522086447.981057
'gnfuv-temp-exp1-55d487b85b-5g2xh', 20.0, 40.0, 1.0, 1522086454.621395
'gnfuv-temp-exp1-55d487b85b-5g2xh', 20.0, 40.0, 1.0, 1522086461.262159
'gnfuv-temp-exp1-55d487b85b-5g2xh', 21.0, 40.0, 1.0, 1522086467.902341
'gnfuv-temp-exp1-55d487b85b-5g2xh', 21.0, 40.0, 1.0, 1522086474.542882
'gnfuv-temp-exp1-55d487b85b-5g2xh', 21.0, 40.0, 1.0, 1522086481.180724
'gnfuv-temp-exp1-55d487b85b-5g2xh', 21.0, 39.0, 1.0, 1522086487.822668
'gnfuv-temp-exp1-55d487b85b-5g2xh', 21.0, 40.0, 1.0, 1522086496.995139
'gnfuv-temp-exp1-55d487b85b-5g2xh', 21.0, 40.0, 1.0, 1522086503.661346
'gnfuv-temp-exp1-55d487b85b-5g2xh', 20.0, 40.0, 1.0, 1522086510.302641
'gnfuv-temp-exp1-55d487b85b-5g2xh', 20.0, 40.0, 1.0, 1522086519.470786
'gnfuv-temp-exp1-55d487b85b-5g2xh', 20.0, 40.0, 1.0, 1522086526.142472
'gnfuv-temp-exp1-55d487b85b-5g2xh', 20.0, 40.0, 1.0, 1522086532.782161
'gnfuv-temp-exp1-55d487b85b-5g2xh', 20.0, 41.0, 1.0, 1522086539.422195
'gnfuv-temp-exp1-55d487b85b-5g2xh', 20.0, 41.0, 1.0, 1522086546.062101
'gnfuv-temp-exp1-55d487b85b-5g2xh', 20.0, 41.0, 1.0, 1522086552.702264
'gnfuv-temp-exp1-55d487b85b-5g2xh', 19.0, 41.0, 1.0, 1522086561.871467
'gnfuv-temp-exp1-55d487b85b-5g2xh', 19.0, 41.0, 1.0, 1522086568.54284
'gnfuv-temp-exp1-55d487b85b-5g2xh', 18.0, 42.0, 1.0, 1522086575.183511
'gnfuv-temp-exp1-55d487b85b-5g2xh', 18.0, 42.0, 1.0, 1522086586.875995
'gnfuv-temp-exp1-55d487b85b-5g2xh', 18.0, 42.0, 1.0, 1522086594.109251
'gnfuv-temp-exp1-55d487b85b-5g2xh', 18.0, 42.0, 1.0, 1522086600.747179
'gnfuv-temp-exp1-55d487b85b-5g2xh', 18.0, 41.0, 1.0, 1522086609.360946
'gnfuv-temp-exp1-55d487b85b-5g2xh', 18.0, 41.0, 1.0, 1522086616.586443
'gnfuv-temp-exp1-55d487b85b-5g2xh', 19.0, 41.0, 1.0, 1522086620.142506
'gnfuv-temp-exp1-55d487b85b-5g2xh', 19.0, 41.0, 1.0, 1522086626.781423
'gnfuv-temp-exp1-55d487b85b-5g2xh', 19.0, 41.0, 1.0, 1522086635.950276
'gnfuv-temp-exp1-55d487b85b-5g2xh', 19.0, 41.0, 1.0, 1522086642.623828
'gnfuv-temp-exp1-55d487b85b-5g2xh', 20.0, 41.0, 1.0, 1522086649.272203
'gnfuv-temp-exp1-55d487b85b-5g2xh', 20.0, 41.0, 1.0, 1522086655.902614
'gnfuv-temp-exp1-55d487b85b-5g2xh', 19.0, 40.0, 1.0, 1522086662.54123
'gnfuv-temp-exp1-55d487b85b-5g2xh', 19.0, 40.0, 1.0, 1522086669.181306
'gnfuv-temp-exp1-55d487b85b-5g2xh', 20.0, 40.0, 1.0, 1522086675.821989
'gnfuv-temp-exp1-55d487b85b-5g2xh', 20.0, 40.0, 1.0, 1522086682.462386
'gnfuv-temp-exp1-55d487b85b-5g2xh', 21.0, 40.0, 1.0, 1522086691.630287
'gnfuv-temp-exp1-55d487b85b-5g2xh', 21.0, 40.0, 1.0, 1522086695.742562
'gnfuv-temp-exp1-55d487b85b-5g2xh', 21.0, 40.0, 1.0, 1522086702.381438
'gnfuv-temp-exp1-55d487b85b-5g2xh', 21.0, 40.0, 1.0, 1522086709.02204
'gnfuv-temp-exp1-55d487b85b-5g2xh', 21.0, 40.0, 1.0, 1522086718.189726
'gnfuv-temp-exp1-55d487b85b-5g2xh', 21.0, 40.0, 1.0, 1522086722.302657
'gnfuv-temp-exp1-55d487b85b-5g2xh', 21.0, 39.0, 1.0, 1522086728.943433
'gnfuv-temp-exp1-55d487b85b-5g2xh', 21.0, 40.0, 1.0, 1522086738.107258
'gnfuv-temp-exp1-55d487b85b-5g2xh', 21.0, 40.0, 1.0, 1522086744.782112
'gnfuv-temp-exp1-55d487b85b-5g2xh', 21.0, 40.0, 1.0, 1522086751.423445
'gnfuv-temp-exp1-55d487b85b-5g2xh', 21.0, 40.0, 1.0, 1522086757.659576
'gnfuv-temp-exp1-55d487b85b-5g2xh', 21.0, 40.0, 1.0, 1522086763.902254
'gnfuv-temp-exp1-55d487b85b-5g2xh', 21.0, 40.0, 1.0, 1522086770.142366
'gnfuv-temp-exp1-55d487b85b-5g2xh', 20.0, 40.0, 1.0, 1522086776.382404
'gnfuv-temp-exp1-55d487b85b-5g2xh', 20.0, 40.0, 1.0, 1522086782.619388
'gnfuv-temp-exp1-55d487b85b-5g2xh', 20.0, 40.0, 1.0, 1522086788.863357
'gnfuv-temp-exp1-55d487b85b-5g2xh', 20.0, 40.0, 1.0, 1522086795.103147
'gnfuv-temp-exp1-55d487b85b-5g2xh', 20.0, 40.0, 1.0, 1522086806.394019
'gnfuv-temp-exp1-55d487b85b-5g2xh', 20.0, 40.0, 1.0, 1522086813.022024
'gnfuv-temp-exp1-55d487b85b-5g2xh', 20.0, 40.0, 1.0, 1522086819.261909
'gnfuv-temp-exp1-55d487b85b-5g2xh', 19.0, 40.0, 1.0, 1522086825.506485
'gnfuv-temp-exp1-55d487b85b-5g2xh', 20.0, 41.0, 1.0, 1522086831.743341
'gnfuv-temp-exp1-55d487b85b-5g2xh', 20.0, 41.0, 1.0, 1522086837.982861
'gnfuv-temp-exp1-55d487b85b-5g2xh', 20.0, 41.0, 1.0, 1522086844.223174
'gnfuv-temp-exp1-55d487b85b-5g2xh', 19.0, 41.0, 1.0, 1522086855.513452
'gnfuv-temp-exp1-55d487b85b-5g2xh', 20.0, 41.0, 1.0, 1522086864.67189
'gnfuv-temp-exp1-55d487b85b-5g2xh', 19.0, 40.0, 1.0, 1522086870.906827
'gnfuv-temp-exp1-55d487b85b-5g2xh', 20.0, 41.0, 1.0, 1522086874.471495
'gnfuv-temp-exp1-55d487b85b-5g2xh', 20.0, 41.0, 1.0, 1522086881.101553
'gnfuv-temp-exp1-55d487b85b-5g2xh', 20.0, 41.0, 1.0, 1522086887.741283
'gnfuv-temp-exp1-55d487b85b-5g2xh', 20.0, 41.0, 1.0, 1522086894.382397
'gnfuv-temp-exp1-55d487b85b-5g2xh', 19.0, 41.0, 1.0, 1522086903.551065
'gnfuv-temp-exp1-55d487b85b-5g2xh', 19.0, 41.0, 1.0, 1522086910.222789
'gnfuv-temp-exp1-55d487b85b-5g2xh', 19.0, 41.0, 1.0, 1522086919.392482
'gnfuv-temp-exp1-55d487b85b-5g2xh', 20.0, 41.0, 1.0, 1522086923.501363
'gnfuv-temp-exp1-55d487b85b-5g2xh', 19.0, 40.0, 1.0, 1522086930.142721
'gnfuv-temp-exp1-55d487b85b-5g2xh', 20.0, 41.0, 1.0, 1522086936.78256
'gnfuv-temp-exp1-55d487b85b-5g2xh', 19.0, 40.0, 1.0, 1522086943.021225
'gnfuv-temp-exp1-55d487b85b-5g2xh', 19.0, 40.0, 1.0, 1522086949.262026
'gnfuv-temp-exp1-55d487b85b-5g2xh', 20.0, 40.0, 1.0, 1522086955.504638
'gnfuv-temp-exp1-55d487b85b-5g2xh', 20.0, 40.0, 1.0, 1522086961.742363
'gnfuv-temp-exp1-55d487b85b-5g2xh', 20.0, 40.0, 1.0, 1522086970.509791
'gnfuv-temp-exp1-55d487b85b-5g2xh', 20.0, 40.0, 1.0, 1522086976.749123
'gnfuv-temp-exp1-55d487b85b-5g2xh', 20.0, 40.0, 1.0, 1522086980.301116
'gnfuv-temp-exp1-55d487b85b-5g2xh', 20.0, 40.0, 1.0, 1522086986.94232
'gnfuv-temp-exp1-55d487b85b-5g2xh', 21.0, 39.0, 1.0, 1522086998.638544
'gnfuv-temp-exp1-55d487b85b-5g2xh', 21.0, 39.0, 1.0, 1522087002.781436
'gnfuv-temp-exp1-55d487b85b-5g2xh', 21.0, 39.0, 1.0, 1522087009.423671
'gnfuv-temp-exp1-55d487b85b-5g2xh', 21.0, 39.0, 1.0, 1522087021.116575
'gnfuv-temp-exp1-55d487b85b-5g2xh', 21.0, 39.0, 1.0, 1522087025.259421
'gnfuv-temp-exp1-55d487b85b-5g2xh', 21.0, 39.0, 1.0, 1522087031.90213
'gnfuv-temp-exp1-55d487b85b-5g2xh', 22.0, 39.0, 1.0, 1522087038.543099
'gnfuv-temp-exp1-55d487b85b-5g2xh', 22.0, 39.0, 1.0, 1522087045.181335
'gnfuv-temp-exp1-55d487b85b-5g2xh', 22.0, 39.0, 1.0, 1522087051.821443
'gnfuv-temp-exp1-55d487b85b-5g2xh', 22.0, 39.0, 1.0, 1522087058.462415
'gnfuv-temp-exp1-55d487b85b-5g2xh', 23.0, 39.0, 1.0, 1522087065.103214
'gnfuv-temp-exp1-55d487b85b-5g2xh', 22.0, 38.0, 1.0, 1522087071.742106
'gnfuv-temp-exp1-55d487b85b-5g2xh', 22.0, 38.0, 1.0, 1522087078.381332
'gnfuv-temp-exp1-55d487b85b-5g2xh', 23.0, 38.0, 1.0, 1522087085.019485
'gnfuv-temp-exp1-55d487b85b-5g2xh', 23.0, 38.0, 1.0, 1522087099.245267
'gnfuv-temp-exp1-55d487b85b-5g2xh', 24.0, 38.0, 1.0, 1522087108.434667
'gnfuv-temp-exp1-55d487b85b-5g2xh', 24.0, 38.0, 1.0, 1522087112.542567
'gnfuv-temp-exp1-55d487b85b-5g2xh', 23.0, 37.0, 1.0, 1522087119.18365
'gnfuv-temp-exp1-55d487b85b-5g2xh', 23.0, 37.0, 1.0, 1522087125.821416
'gnfuv-temp-exp1-55d487b85b-5g2xh', 24.0, 37.0, 1.0, 1522087132.461407
'gnfuv-temp-exp1-55d487b85b-5g2xh', 24.0, 37.0, 1.0, 1522087144.16183
'gnfuv-temp-exp1-55d487b85b-5g2xh', 24.0, 37.0, 1.0, 1522087148.303553
'gnfuv-temp-exp1-55d487b85b-5g2xh', 25.0, 37.0, 1.0, 1522087154.943424
'gnfuv-temp-exp1-55d487b85b-5g2xh', 26.0, 36.0, 1.0, 1522087169.164125
'gnfuv-temp-exp1-55d487b85b-5g2xh', 26.0, 36.0, 1.0, 1522087173.903059
'gnfuv-temp-exp1-55d487b85b-5g2xh', 26.0, 36.0, 1.0, 1522087183.069316
'gnfuv-temp-exp1-55d487b85b-5g2xh', 27.0, 36.0, 1.0, 1522087192.266229
'gnfuv-temp-exp1-55d487b85b-5g2xh', 26.0, 35.0, 1.0, 1522087201.47103
'gnfuv-temp-exp1-55d487b85b-5g2xh', 27.0, 35.0, 1.0, 1522087208.14162
'gnfuv-temp-exp1-55d487b85b-5g2xh', 27.0, 35.0, 1.0, 1522087214.782279
'gnfuv-temp-exp1-55d487b85b-5g2xh', 28.0, 35.0, 1.0, 1522087223.95186
'gnfuv-temp-exp1-55d487b85b-5g2xh', 28.0, 35.0, 1.0, 1522087228.063227
'gnfuv-temp-exp1-55d487b85b-5g2xh', 28.0, 35.0, 1.0, 1522087234.70265
'gnfuv-temp-exp1-55d487b85b-5g2xh', 29.0, 34.0, 1.0, 1522087241.343436
'gnfuv-temp-exp1-55d487b85b-5g2xh', 29.0, 34.0, 1.0, 1522087247.983538
'gnfuv-temp-exp1-55d487b85b-5g2xh', 30.0, 34.0, 1.0, 1522087259.678761
'gnfuv-temp-exp1-55d487b85b-5g2xh', 30.0, 34.0, 1.0, 1522087263.822587
'gnfuv-temp-exp1-55d487b85b-5g2xh', 30.0, 34.0, 1.0, 1522087270.463382
'gnfuv-temp-exp1-55d487b85b-5g2xh', 31.0, 34.0, 1.0, 1522087277.103623
'gnfuv-temp-exp1-55d487b85b-5g2xh', 31.0, 33.0, 1.0, 1522087286.266001
